id,DATA_MOVER_SHARING,CONVOLVERS,KERNEL_CLOCK,IMPL_STRATEGY,DATA_MOVER_CLOCK,CLOCK_UNCERTAINTY,state,presynth_time,synth_time,impl_time,run_time
1,0,10,2,16,3,19.79192530457753,PE4,inf,inf,inf,inf
2,0,1,2,8,0,8.183800479218473,TIMING,514.83,643.81,inf,inf
3,3,2,1,2,1,64.4395943365004,OK,630.98,640.57,352.8,1270744612.0
4,1,11,0,15,1,25.2839981593059,PE4,inf,inf,inf,inf
5,3,7,0,1,3,62.54298752230522,IE6,2460.29,710.58,inf,inf
6,3,1,1,0,0,93.42945196186835,TIMING,524.89,636.31,inf,inf
7,3,15,1,1,1,95.98650634198614,PE4,inf,inf,inf,inf
8,3,1,1,4,1,67.39098605203391,OK,518.54,610.48,307.98,1739848664.0
9,3,2,1,17,1,63.539619994045104,OK,643.39,659.56,359.09,1263575652.0
10,1,2,0,8,3,76.17850901443202,TIMING,648.88,665.03,inf,inf
11,3,3,3,15,1,65.62074112451478,TIMING,793.68,640.99,inf,inf
12,3,2,0,25,2,64.5484375530017,TIMING,619.6,636.82,inf,inf
13,1,1,2,4,1,52.21233949845774,TIMING,511.1,668.31,inf,inf
14,3,1,2,17,1,18.422579477692718,TIMING,545.62,666.44,inf,inf
15,2,1,1,2,3,9.687847550864792,TIMING,516.87,607.24,inf,inf
16,3,1,1,5,2,28.608263676272966,TIMING,544.83,645.3,inf,inf
17,3,1,1,19,0,63.5763747244749,TIMING,521.42,655.45,inf,inf
18,3,1,1,23,0,67.47664078387592,TIMING,526.82,605.29,inf,inf
19,3,15,1,18,1,68.87466206678869,PE4,inf,inf,inf,inf
20,0,1,2,4,1,67.29775179300009,TIMING,510.96,599.92,inf,inf
21,3,8,1,3,1,73.81434865261879,IE6,3237.86,949.01,inf,inf
22,0,2,1,2,2,63.06473224309129,TIMING,642.88,627.88,inf,inf
23,3,1,0,5,1,63.394856396805935,TIMING,524.96,608.15,inf,inf
24,3,2,1,2,0,74.52663878464223,TIMING,642.88,636.01,inf,inf
25,0,14,3,18,1,64.20837830943947,PE4,inf,inf,inf,inf
26,1,2,1,25,1,16.401461927546922,TIMING,638.93,629.13,inf,inf
27,2,3,2,24,2,64.41241745786597,RE1,801.39,597.93,368.64,inf
28,3,3,1,8,1,64.35018433319318,TIMING,807.31,682.52,inf,inf
29,3,2,0,23,1,63.0686863002837,TIMING,632.24,637.89,inf,inf
30,2,1,1,8,1,64.90801767816541,OK,546.69,674.34,303.03,1737356080.0
31,3,2,1,2,3,61.5352776938241,TIMING,656.7,631.4,inf,inf
32,3,2,1,17,0,28.117651464380543,TIMING,656.75,623.26,inf,inf
33,1,1,1,6,2,63.5085419912757,TIMING,587.45,611.91,inf,inf
34,0,1,1,10,2,66.18064407750235,TIMING,587.44,639.45,inf,inf
35,2,2,3,13,0,64.9406642044019,TIMING,636.73,677.32,inf,inf
36,0,1,2,9,1,64.31873358856906,TIMING,586.93,637.37,inf,inf
37,3,6,0,20,2,63.53530012874068,TIMING,1901.86,743.24,inf,inf
38,1,1,1,2,0,65.15842996558217,TIMING,547.49,608.03,inf,inf
39,2,1,0,14,2,64.57984926735233,TIMING,543.72,618.42,inf,inf
40,2,1,1,5,2,65.63702739140945,TIMING,546.24,614.18,inf,inf
41,3,2,2,4,1,51.26972173364558,TIMING,643.62,629.07,inf,inf
42,3,2,3,17,1,67.40832911846512,TIMING,655.23,647.75,inf,inf
43,3,1,1,0,1,100.0,OK,552.66,643.12,321.52,1675043282.0
44,2,1,1,8,1,100.0,OK,552.59,616.88,334.83,1675010832.0
45,3,1,3,0,1,100.0,PE?,inf,inf,inf,inf
46,3,2,0,2,0,98.04751500161763,TIMING,651.29,642.39,inf,inf
47,3,16,1,0,1,100.0,PE4,inf,inf,inf,inf
48,3,2,2,8,3,99.09342922557312,TIMING,649.77,635.16,inf,inf
49,2,8,1,27,3,100.0,IE6,2960.26,774.17,inf,inf
50,0,1,1,15,1,90.70273580048614,TIMING,524.83,622.75,inf,inf
51,3,2,1,5,2,99.62775124966615,TIMING,643.73,635.46,inf,inf
52,2,1,1,27,1,100.0,OK,526.52,628.04,311.91,1674943698.0
53,2,4,0,27,2,99.98954158332525,TIMING,1060.27,655.2,inf,inf
54,3,8,1,3,2,29.068103912262433,TIMING,3252.8,655.79,inf,inf
55,0,1,0,0,1,99.99740418935193,TIMING,564.03,641.95,inf,inf
56,1,1,2,0,1,100.0,PE?,inf,inf,inf,inf
57,3,1,1,8,1,100.0,OK,546.18,628.02,335.59,1674958000.0
58,3,3,1,27,3,100.0,TIMING,799.6,606.41,inf,inf
59,3,1,0,27,1,100.0,PE?,inf,inf,inf,inf
60,3,1,2,27,1,66.10939073144174,TIMING,545.69,601.54,inf,inf
61,1,1,1,16,2,7.915640721973594,TIMING,516.58,654.16,inf,inf
62,0,1,2,8,0,100.0,PE?,inf,inf,inf,inf
63,2,1,1,11,1,98.57307676833413,TIMING,552.36,629.5,inf,inf
64,3,1,3,2,2,64.51150974100109,TIMING,550.85,641.09,inf,inf
65,2,1,1,8,1,73.36556585111835,TIMING,547.87,639.25,inf,inf
66,1,1,2,17,2,27.29308218831008,OK,535.64,603.75,302.23,1938349080.0
67,2,1,0,5,1,91.21884295628959,TIMING,526.08,663.79,inf,inf
68,2,1,0,0,3,100.0,PE?,inf,inf,inf,inf
69,1,1,3,22,2,40.392795201144274,TIMING,526.25,644.6,inf,inf
70,2,1,3,19,1,27.405090833963975,TIMING,521.24,640.79,inf,inf
71,1,1,3,22,3,57.3404357108367,TIMING,536.41,607.71,inf,inf
72,3,1,1,0,1,0.0,PE?,inf,inf,inf,inf
73,2,1,3,17,2,2.726606523621622,TIMING,524.59,646.31,inf,inf
74,0,1,2,18,3,26.624513504048174,TIMING,524.24,657.74,inf,inf
75,3,4,3,18,2,26.42310411082798,TIMING,1027.08,632.61,inf,inf
76,3,1,2,1,1,67.57908044828422,TIMING,522.87,661.22,inf,inf
77,0,1,2,11,0,27.08523050381112,TIMING,527.01,652.99,inf,inf
78,3,3,2,14,3,19.774756452933207,TIMING,787.96,656.51,inf,inf
79,1,2,2,17,2,33.00826268152483,OK,628.81,634.95,309.12,1394709854.0
80,3,1,0,10,1,100.0,PE?,inf,inf,inf,inf
81,2,1,1,15,3,100.0,TIMING,541.59,615.2,inf,inf
82,2,1,1,15,1,35.25856968275028,OK,515.85,641.14,331.03,1592389128.0
83,0,1,3,17,1,60.318780607275166,TIMING,541.59,622.43,inf,inf
84,0,7,0,17,2,37.080722088593,TIMING,2480.94,752.74,inf,inf
85,1,1,1,27,1,31.111491236499656,OK,569.47,663.61,291.8,1578318800.0
86,1,1,2,17,2,38.79832165378648,OK,532.96,637.58,292.03,1939420188.0
87,2,1,2,14,1,33.231326234621164,TIMING,570.0,637.7,inf,inf
88,1,1,0,17,3,27.878106411435233,TIMING,568.95,661.3,inf,inf
89,2,1,1,18,1,58.6030161910261,OK,517.27,645.44,347.58,1660818368.0
90,0,1,2,26,0,38.143143508465684,TIMING,543.87,653.18,inf,inf
91,3,1,1,17,2,38.73232577088387,TIMING,543.9,615.56,inf,inf
92,1,2,2,16,2,35.619077288641975,OK,617.19,665.69,293.61,1394886962.0
93,0,6,1,5,0,5.3672108882824805,TIMING,1877.68,642.33,inf,inf
94,1,1,3,17,3,35.249790289943526,TIMING,524.05,613.16,inf,inf
95,2,1,1,18,0,43.762953212193324,TIMING,523.68,643.74,inf,inf
96,2,2,1,16,2,100.0,TIMING,618.24,669.87,inf,inf
97,0,3,3,24,2,31.027750562528,TIMING,796.84,646.49,inf,inf
98,2,2,2,18,1,55.2909891824075,TIMING,638.28,621.33,inf,inf
99,1,1,2,17,2,37.996060870201106,OK,528.99,606.02,273.06,1939485300.0
100,2,1,1,17,1,42.238044906337024,TIMING,526.31,651.31,inf,inf
101,2,1,1,15,1,34.301053882540764,TIMING,556.08,665.03,inf,inf
102,1,2,2,8,2,34.10499353325823,OK,617.87,651.96,298.02,1394826122.0
103,0,2,2,27,2,33.04077909446336,OK,651.28,634.58,301.63,1394796784.0
104,1,1,2,15,1,38.86529108235494,TIMING,556.67,613.24,inf,inf
105,1,2,2,19,1,36.72588917914541,TIMING,612.67,625.47,inf,inf
106,1,1,1,27,1,90.71393364111803,TIMING,543.21,642.79,inf,inf
107,0,2,1,22,2,36.473861618854066,TIMING,615.12,636.52,inf,inf
108,0,1,1,11,0,35.55424889391797,TIMING,543.21,643.41,inf,inf
109,1,1,3,16,2,32.35556967149669,TIMING,540.67,610.09,inf,inf
110,2,1,1,0,1,100.0,OK,530.07,648.57,322.2,1674933338.0
111,1,2,2,26,1,32.596144244312455,TIMING,620.66,669.69,inf,inf
112,1,1,1,27,3,33.66993340691877,TIMING,538.95,655.07,inf,inf
113,1,3,2,27,2,32.60231553343932,TIMING,791.67,659.54,inf,inf
114,1,2,2,14,2,34.57099213869787,OK,610.21,645.59,294.14,1394847842.0
115,3,1,1,27,0,0.8185324864759493,TIMING,518.45,659.94,inf,inf
116,2,2,0,17,2,35.28673234978923,TIMING,621.82,624.55,inf,inf
117,0,1,2,17,2,58.38950409979008,OK,539.89,642.61,289.13,2031468128.0
118,3,1,1,20,1,57.00787580951751,OK,520.26,643.72,304.57,1646151436.0
119,1,1,0,13,2,34.78032937701839,TIMING,536.27,659.63,inf,inf
120,1,1,2,7,3,35.11599160912219,TIMING,513.78,631.83,inf,inf
121,1,1,2,20,2,30.20812599820788,OK,520.52,631.81,299.53,1938228446.0
122,2,2,0,13,0,91.50808753778588,TIMING,640.66,631.12,inf,inf
123,0,1,1,17,1,57.71408898846649,OK,530.76,663.65,318.37,1646097692.0
124,0,1,2,17,2,89.25006576812414,OK,533.25,632.74,306.71,2543520046.0
125,0,1,1,20,2,32.69546637559459,TIMING,542.33,640.94,inf,inf
126,0,1,2,18,1,87.29741886448902,TIMING,549.59,611.06,inf,inf
127,2,2,1,9,1,56.80481875255712,OK,623.85,653.66,353.08,1224131702.0
128,1,1,2,19,2,59.80161256376436,OK,515.04,661.84,293.13,2079825100.0
129,2,1,1,17,1,58.96679670568148,OK,520.28,635.04,343.23,1660815466.0
130,2,1,1,18,1,64.06835811888499,OK,543.58,604.2,307.47,1722073744.0
131,3,2,1,13,1,61.21002080665322,OK,636.12,654.83,367.32,1253736016.0
132,0,2,2,17,2,98.00394734047259,OK,628.23,634.47,366.13,1870566576.0
133,0,1,2,26,2,67.4752821347855,OK,527.9,644.09,284.43,2103407130.0
134,3,2,1,8,1,61.066237785928955,OK,640.31,668.04,373.66,1253759920.0
135,2,1,1,17,2,73.65223701184095,TIMING,546.68,612.65,inf,inf
136,2,1,2,12,2,39.20511102825523,OK,528.02,629.14,282.63,1939384130.0
137,3,2,1,10,1,52.49765586065928,OK,642.45,625.16,323.24,1224067502.0
138,1,1,2,21,2,37.544620192468535,OK,534.1,606.7,277.36,1939502702.0
139,3,1,1,4,1,95.16852877320203,TIMING,527.63,633.7,inf,inf
140,3,9,1,27,0,27.65142151892358,PE4,inf,inf,inf,inf
141,0,1,2,12,2,36.85787647058507,OK,512.58,645.75,280.18,1939504824.0
142,3,1,2,20,2,60.36749602705438,OK,564.45,603.92,297.28,2080217784.0
143,2,1,2,9,1,58.282180877711234,TIMING,565.21,668.13,inf,inf
144,2,1,2,20,2,33.20819512006463,OK,564.45,608.74,283.09,1939374152.0
145,1,1,2,27,2,47.31512119912919,OK,548.07,637.97,270.95,1983940752.0
146,1,2,2,24,2,33.28537017693631,OK,616.6,614.7,309.44,1394823804.0
147,3,1,2,15,2,29.729611997986403,OK,548.51,670.02,291.57,1938249238.0
148,0,2,2,15,3,43.993669074115594,TIMING,620.44,674.76,inf,inf
149,3,1,2,27,2,97.9530409807509,OK,572.8,632.43,311.25,2543503964.0
150,2,1,1,26,1,56.271958980466444,OK,522.45,678.47,303.6,1644689346.0
151,2,1,2,21,2,33.1016634155214,OK,554.85,646.52,303.19,1939382278.0
152,0,1,2,25,2,72.47997227952293,OK,567.37,644.59,284.6,2107294488.0
153,2,2,1,14,1,48.949892519865436,TIMING,671.25,641.2,inf,inf
154,2,2,2,25,2,40.91442466853971,OK,655.5,676.4,292.79,1405986002.0
155,2,2,2,16,2,51.75058316787804,OK,669.48,675.97,287.37,1428435424.0
156,0,2,2,23,2,54.32719081738584,OK,614.17,662.17,311.89,1440966950.0
157,3,1,1,23,1,58.5385321980534,OK,547.78,623.21,339.99,1660837328.0
158,0,1,1,21,1,62.089280926921454,OK,540.44,662.27,323.19,1720973348.0
159,2,2,2,24,2,44.013278089788535,OK,630.32,639.55,293.49,1406880696.0
160,2,1,2,16,2,39.50183841695001,OK,547.78,634.57,292.49,1939927610.0
161,0,1,1,20,1,60.47975120814283,OK,524.69,650.19,308.63,1646815724.0
162,3,1,2,23,2,37.00368342541801,OK,525.95,639.66,282.45,1939383508.0
163,1,2,1,9,2,45.46263444180919,TIMING,624.99,617.33,inf,inf
164,0,2,2,18,2,40.38374026685394,OK,624.21,650.08,323.43,1405975556.0
165,0,2,2,15,2,78.08277400266995,OK,665.18,642.78,368.24,1576709090.0
166,1,1,2,20,2,54.26458513890148,OK,544.84,641.36,276.51,2027157138.0
167,3,2,2,16,2,37.38826634380651,OK,644.6,631.75,298.63,1394916742.0
168,1,7,3,8,2,52.960011650613595,TIMING,2459.28,722.05,inf,inf
169,2,1,1,20,1,100.0,OK,543.93,647.32,327.44,1674916650.0
170,2,1,1,25,2,60.76753293024218,TIMING,528.02,667.46,inf,inf
171,3,1,2,15,2,40.301714616694895,OK,543.19,635.12,284.62,1960950502.0
172,2,2,2,21,2,81.66533985872364,OK,646.35,675.65,346.99,1689399800.0
173,1,1,2,22,2,35.5383775169901,OK,536.62,636.98,276.31,1939429378.0
174,0,2,1,18,1,60.57342611722376,TIMING,627.25,651.07,inf,inf
175,1,2,2,23,2,38.49552955729485,OK,634.09,651.14,292.3,1394937844.0
176,0,1,1,27,1,50.867565456496,OK,527.05,651.35,313.64,1645621600.0
177,1,1,2,24,2,42.10576296973304,OK,512.78,669.85,286.73,1961448460.0
178,3,1,1,0,2,100.0,TIMING,518.38,662.15,inf,inf
179,0,1,2,27,2,51.185475416293635,OK,546.44,630.07,274.44,2005052644.0
180,3,1,2,20,2,59.025796663891406,OK,537.86,640.98,282.91,2074585286.0
181,3,2,2,21,2,39.766854467871084,OK,659.76,696.7,308.18,1394865386.0
182,3,2,2,13,2,68.65959023769408,OK,666.88,645.36,321.96,1497258114.0
183,3,1,2,14,2,54.51626864382555,OK,525.77,670.17,287.61,2027119466.0
184,2,2,2,16,2,40.10180223066586,OK,666.06,649.23,293.56,1405879258.0
185,2,2,2,9,2,50.229514731993504,OK,648.2,674.81,303.17,1428449714.0
186,0,1,2,21,2,54.18910439119973,OK,537.9,667.55,286.71,2027134184.0
187,0,2,1,9,1,67.01946451145415,OK,633.76,628.13,352.29,1274019818.0
188,3,1,1,20,1,50.95007526264337,OK,532.68,602.05,313.49,1645597974.0
189,2,1,2,24,2,46.86947689541705,OK,520.42,613.51,273.83,1963943770.0
190,3,2,2,24,2,88.69283332904067,OK,627.46,633.32,360.11,1870623928.0
191,2,2,1,10,1,57.829897567385636,OK,632.42,645.3,348.97,1224655074.0
192,1,1,1,24,1,55.64639255952382,OK,531.69,666.42,302.17,1644705304.0
193,1,1,2,20,2,58.41831629714894,OK,523.65,646.8,289.67,2031495112.0
194,0,1,2,24,2,52.0222190495895,OK,522.66,639.88,274.67,2005014222.0
195,2,1,1,19,1,78.5401944939206,TIMING,550.68,633.72,inf,inf
196,3,2,2,25,2,17.205154840480997,OK,634.44,658.19,298.58,1383758392.0
197,3,1,2,20,2,70.12190643794716,OK,552.41,668.81,288.24,2106300314.0
198,2,2,1,24,1,51.03600306085608,TIMING,648.7,682.53,inf,inf
199,3,1,2,12,2,40.984931698203546,OK,514.99,636.27,281.51,1960915532.0
200,3,1,1,10,1,54.34173600816408,OK,551.73,661.49,312.28,1644746016.0
201,0,2,2,24,2,43.67730216876575,OK,630.27,660.17,293.17,1406919332.0
202,3,1,2,26,2,32.2713688530219,OK,583.28,671.59,281.16,1938365418.0
203,1,1,1,19,1,55.350573848624954,OK,583.65,672.33,316.91,1644726090.0
204,2,1,1,11,1,70.10847566394305,OK,583.29,605.41,318.57,1742758846.0
205,2,2,2,14,2,81.54632233490905,OK,652.47,661.67,349.03,1689328324.0
206,3,2,2,9,2,46.03509952060401,OK,615.43,651.08,291.46,1407769500.0
207,1,2,1,18,1,68.65030348642308,TIMING,651.62,635.98,inf,inf
208,3,2,2,22,2,42.95306846263727,OK,608.85,615.35,323.03,1405887312.0
209,3,1,1,27,1,18.339039523084367,TIMING,521.45,624.22,inf,inf
210,1,1,2,20,2,67.09980081190044,OK,517.69,611.16,297.03,2106059156.0
211,3,2,2,15,2,43.96206298045284,OK,619.9,660.56,298.64,1406930052.0
212,1,1,2,27,2,35.89214675009512,OK,518.05,631.44,282.28,1939496348.0
213,3,1,1,14,1,63.480345890521605,OK,542.74,599.86,308.66,1722073092.0
214,2,1,2,17,2,57.83221702735308,OK,543.97,672.03,288.64,2031552752.0
215,0,2,2,7,2,17.56935797299587,OK,621.86,628.2,304.11,1383774654.0
216,2,1,2,27,3,21.75845272026099,TIMING,522.72,629.96,inf,inf
217,3,1,1,16,1,58.68613391855253,OK,569.35,604.57,343.15,1660783132.0
218,0,1,1,26,1,58.169203600242106,OK,526.47,636.65,308.74,1646889054.0
219,2,1,1,9,1,55.10443586564945,OK,570.14,624.97,307.93,1644579426.0
220,2,1,1,14,1,57.074069797127216,OK,570.14,643.0,307.7,1646119546.0
221,0,1,2,12,2,33.2676194050278,OK,542.53,604.07,288.26,1939425620.0
222,3,1,2,21,2,45.317488399400155,OK,543.93,625.87,267.08,1963515260.0
223,0,1,2,13,2,56.36619733750575,OK,520.35,637.51,283.58,2028245968.0
224,3,1,2,16,2,70.47606793428427,OK,518.87,672.56,281.29,2106290374.0
225,3,1,2,18,2,36.96478966598696,OK,518.57,636.13,281.27,1939411778.0
226,3,1,1,16,1,55.22423961990626,OK,521.32,646.98,312.98,1644587296.0
227,3,1,2,11,2,45.27302611327033,OK,537.69,670.21,282.13,1963450710.0
228,1,1,1,10,1,57.282739365178195,OK,546.32,629.44,299.51,1646078876.0
229,0,2,2,18,2,54.82909295844575,OK,633.7,641.01,309.21,1440961162.0
230,0,1,2,18,2,32.19722880753449,OK,526.28,672.75,282.79,1938406190.0
231,1,2,2,13,2,53.07117206369448,OK,619.35,623.7,323.82,1429333130.0
232,2,1,2,25,2,26.186106963622933,OK,513.18,654.6,277.91,1938332018.0
233,2,2,2,10,2,75.31258428710788,OK,635.6,634.02,329.21,1568945482.0
234,3,1,1,24,1,55.132486389311765,OK,540.38,642.89,312.87,1644650220.0
235,0,1,1,14,1,57.97176604113253,TIMING,516.19,676.19,inf,inf
236,2,1,1,14,1,63.372280082020396,OK,541.59,647.73,305.85,1722028062.0
237,3,1,2,18,2,52.37687497249812,OK,554.85,687.09,267.1,2004967354.0
238,2,1,1,18,1,53.56679493053651,OK,579.7,637.97,298.45,1644633318.0
239,1,1,1,12,1,54.81751081881689,OK,578.84,715.34,308.09,1644708488.0
240,2,1,2,18,2,39.08070390597791,OK,578.84,655.3,298.99,1939400808.0
241,0,1,2,15,2,23.335444379204162,OK,518.49,637.4,271.84,1917911518.0
242,0,11,3,24,0,65.53607283711064,PE4,inf,inf,inf,inf
243,0,2,2,13,2,33.51421061677697,OK,625.0,611.26,294.55,1394776278.0
244,0,1,1,8,1,66.44264555693205,OK,524.68,659.69,298.59,1739289316.0
245,2,2,2,16,2,5.819372542975021,TIMING,621.77,605.78,inf,inf
246,3,1,2,14,2,87.11906331913208,OK,544.28,655.95,317.85,2543532178.0
247,3,1,1,16,1,52.116721866187156,OK,528.76,633.02,313.75,1645969644.0
248,3,1,2,10,2,74.48913183922019,OK,543.21,634.76,286.71,2218505416.0
249,1,1,2,15,2,28.681180650688386,OK,540.38,661.44,282.54,1938299906.0
250,1,2,2,24,2,87.19145123434461,OK,638.11,654.08,363.72,1870597498.0
251,1,1,2,7,2,32.71282639973029,OK,541.08,640.05,294.97,1938343390.0
252,2,2,2,13,2,59.905540264912915,OK,620.35,630.5,308.57,1473247922.0
253,2,1,1,27,1,58.11334398459616,OK,551.37,625.12,304.46,1646838620.0
254,2,1,2,15,2,96.91428469786516,OK,555.21,636.03,311.93,2543437172.0
255,1,2,1,11,1,54.16364786862863,OK,631.78,642.8,388.62,1223426650.0
256,3,1,1,14,1,51.82187703366849,OK,552.09,652.37,292.57,1645963790.0
257,0,1,2,21,2,55.83675328167202,OK,530.06,673.54,287.09,2027140888.0
258,3,1,2,19,2,54.425731376199884,OK,548.33,632.35,284.2,2027119606.0
259,2,1,2,13,2,58.92649263179588,OK,540.97,626.26,278.25,2074632430.0
260,3,2,1,18,1,61.30606219422046,OK,637.55,672.19,357.57,1262575930.0
261,2,2,2,27,2,58.5364988926547,OK,627.6,655.61,311.98,1448567270.0
262,2,1,2,11,2,77.62935181517997,OK,555.41,613.93,304.17,2247102852.0
263,2,2,2,21,2,81.70007261895337,OK,637.97,663.08,348.37,1689394162.0
264,1,1,2,21,2,70.76077848954823,OK,562.03,640.11,283.96,2107341178.0
265,3,2,1,23,1,46.75934618335743,TIMING,625.18,645.28,inf,inf
266,2,2,1,27,1,65.60478778909943,OK,641.07,651.89,353.28,1271869344.0
267,1,2,1,12,1,57.04594920169011,OK,650.72,652.9,378.2,1224221142.0
268,0,2,2,8,2,52.476378707813865,OK,645.45,602.18,288.49,1428512006.0
269,1,1,2,16,2,54.57298856193952,OK,533.57,626.39,282.78,2027209898.0
270,3,2,2,10,2,48.173603882854806,OK,633.58,610.8,287.01,1428389586.0
271,2,1,1,25,1,64.58541505446169,OK,538.4,624.82,312.16,1736052360.0
272,1,1,2,26,2,72.03097706449888,OK,535.29,670.3,282.3,2107291428.0
273,1,1,2,11,2,12.004666330037638,OK,517.64,641.05,277.34,1897269638.0
274,0,2,2,19,2,64.07533568832343,OK,619.42,628.14,327.64,1495184272.0
275,3,2,2,12,2,56.170368037840326,OK,643.82,642.23,305.8,1441999264.0
276,3,2,1,13,1,56.80191664262132,OK,651.13,642.28,363.18,1224248428.0
277,3,2,2,18,2,46.57437524226945,OK,657.69,616.11,297.55,1407888454.0
278,3,1,1,8,1,54.78438504636054,OK,558.99,641.31,312.05,1644609384.0
279,2,2,2,21,2,68.92771938453637,OK,624.15,626.88,322.08,1497236316.0
280,2,1,1,13,1,59.73785732332851,OK,558.98,669.25,312.01,1646738982.0
281,1,2,2,13,2,27.36611292355795,OK,615.26,649.61,292.66,1393812002.0
282,0,2,2,23,2,56.3949221617702,OK,631.33,644.97,323.37,1442005012.0
283,1,1,2,20,2,88.64202080174297,OK,532.41,654.23,316.58,2543483068.0
284,3,1,2,16,2,12.12635758390299,OK,535.17,655.89,281.6,1897298758.0
285,1,2,2,12,2,60.52456981520009,OK,620.37,637.21,321.96,1473294358.0
286,3,1,2,11,2,42.73573643371278,OK,538.63,628.91,283.02,1961536004.0
287,0,1,2,7,2,10.564558874464971,OK,546.02,630.97,289.58,1897200954.0
288,2,2,2,23,2,60.614910644780615,OK,619.59,626.58,322.5,1473333374.0
289,3,1,1,16,1,59.48168318910333,OK,532.52,629.85,312.94,1660770830.0
290,2,2,2,10,2,86.76663276730442,OK,642.27,674.35,357.0,1870540176.0
291,0,2,2,19,2,33.94096841371192,OK,620.48,659.03,308.57,1394896548.0
292,1,1,1,14,1,63.44901718078402,OK,540.23,670.18,306.32,1722068648.0
293,0,1,2,26,2,38.460517935187596,OK,541.75,612.11,301.07,1939450802.0
294,3,1,1,24,1,58.83854733462002,OK,525.07,647.2,346.74,1660754544.0
295,3,2,2,8,2,84.18912478643314,OK,661.2,694.21,389.04,1780213530.0
296,2,1,2,15,2,16.910714706325468,OK,521.39,668.11,276.74,1917339146.0
297,1,2,2,17,2,46.46432972380487,OK,640.24,647.01,311.94,1407727658.0
298,1,1,2,1,2,50.01215490514473,OK,527.15,645.51,270.77,2005008536.0
299,1,1,2,8,2,60.78263365073418,OK,529.38,646.41,298.12,2080333520.0
300,3,2,0,1,1,67.16381569742184,TIMING,658.56,663.1,inf,inf
301,2,1,2,18,2,26.645961375836734,OK,534.11,664.29,297.22,1938164856.0
302,1,2,2,26,2,21.146483549276677,OK,618.23,621.38,297.73,1383737802.0
303,0,1,2,23,2,38.91068260646469,OK,526.9,602.06,278.41,1939397412.0
304,1,2,2,15,2,95.9796941631359,OK,647.51,635.54,363.59,1870642672.0
305,0,2,2,11,2,99.03202091824228,OK,675.03,660.29,362.55,1870691846.0
306,0,2,2,26,2,69.46644245890198,OK,619.53,639.77,320.47,1497241504.0
307,0,2,2,27,2,32.57039513743021,OK,653.39,663.44,297.61,1393790100.0
308,3,2,2,15,2,98.1751120181267,OK,687.19,632.15,365.12,1870617068.0
309,3,2,2,2,2,30.168651756520692,OK,622.48,637.84,311.94,1393697314.0
310,1,2,2,23,2,80.7963066044247,OK,627.11,661.57,369.02,1673924692.0
311,3,1,1,26,1,98.23577991977332,TIMING,535.05,653.43,inf,inf
312,1,1,2,1,2,57.745185601812935,OK,525.9,671.08,286.42,2031551278.0
313,2,2,2,9,2,53.57610214155031,OK,639.97,641.18,318.35,1429391330.0
314,3,2,2,24,2,68.37931314946724,OK,662.16,640.81,308.45,1497257368.0
315,3,1,2,6,2,26.327082936738933,OK,550.33,646.79,272.31,1938331706.0
316,3,2,2,19,2,16.245889616352805,OK,616.36,633.86,307.06,1383704898.0
317,2,1,2,21,2,44.66610002134414,OK,534.37,637.66,289.19,1962892854.0
318,3,2,2,8,2,30.30447461230523,OK,626.52,611.16,319.64,1393761100.0
319,2,2,2,16,2,55.070892499059056,OK,623.47,645.1,307.12,1441013602.0
320,0,1,3,1,3,39.267924863180546,TIMING,532.27,640.24,inf,inf
321,2,2,2,15,2,32.758354287340296,OK,613.04,639.23,301.98,1394760052.0
322,1,2,1,9,1,55.044022294889594,OK,625.05,617.44,352.74,1223438400.0
323,1,2,2,10,2,43.2903179292544,OK,606.74,661.1,303.11,1405775680.0
324,0,1,2,25,2,17.288501476108355,OK,531.02,614.34,299.38,1917324852.0
325,2,2,1,16,1,66.31912345055352,TIMING,641.66,627.36,inf,inf
326,3,2,2,26,2,45.31673788877515,OK,639.64,610.36,290.26,1407834294.0
327,3,1,2,21,2,64.22355017965724,OK,586.38,634.24,284.42,2103385804.0
328,3,2,2,25,2,44.59110922111898,OK,656.05,670.35,308.44,1407363422.0
329,1,1,2,17,2,9.845479439469184,OK,544.87,673.88,282.48,1897328966.0
330,2,1,2,21,2,33.121370207408994,OK,547.74,612.21,285.47,1939347578.0
331,3,1,1,18,1,56.97074561802248,OK,547.73,645.58,307.9,1646197330.0
332,1,2,2,8,2,49.626663365907135,OK,627.51,635.66,283.45,1428441368.0
333,3,1,2,21,2,59.50254951774,OK,747.52,651.79,302.26,2078773112.0
334,3,1,2,21,2,11.501414685816592,OK,558.51,659.43,286.72,1897244156.0
335,2,1,2,19,2,33.74340880320097,OK,558.58,656.95,294.32,1939395594.0
336,0,2,2,22,2,69.3742099699296,OK,850.54,630.07,315.48,1497308218.0
337,0,2,2,16,2,17.550461986043686,OK,646.63,631.63,292.54,1383778676.0
338,0,2,2,20,2,25.880537187554275,OK,621.98,608.0,299.6,1393756000.0
339,0,2,2,8,2,23.7921184123976,OK,648.84,645.88,309.45,1383826508.0
340,0,1,2,17,2,24.979065383276776,OK,549.78,674.74,272.93,1938352998.0
341,2,2,2,12,2,47.65175496308471,OK,651.38,679.38,293.45,1418365976.0
342,1,2,2,24,2,9.676428359514356,TIMING,625.22,621.97,inf,inf
343,2,1,2,7,2,29.494596035115684,OK,549.46,654.19,286.26,1938325796.0
344,1,2,2,26,2,43.27295922012888,OK,642.69,660.43,302.6,1405924346.0
345,1,1,1,0,1,55.841764239347114,OK,532.8,665.47,301.28,1644698456.0
346,2,2,2,11,2,61.929240808230865,OK,627.21,644.39,312.64,1483743980.0
347,1,2,2,23,2,15.220325584802241,TIMING,637.64,644.58,inf,inf
348,2,1,2,6,2,11.109144432981266,OK,542.98,633.05,296.0,1897266158.0
349,3,2,2,22,2,36.2630016654915,OK,637.6,645.94,317.62,1394914818.0
350,1,1,2,3,2,76.6476807587547,OK,531.15,608.78,297.8,2244488172.0
351,3,1,2,27,2,82.42590729362375,OK,531.48,674.53,303.5,2362364098.0
352,3,2,1,27,1,63.29176216800245,OK,642.5,669.17,348.57,1262993546.0
353,3,1,2,21,2,27.581362546235855,OK,517.89,651.4,276.68,1938325242.0
354,0,1,2,10,2,62.61478020604964,OK,518.14,641.67,283.12,2101974866.0
355,3,1,2,16,2,54.10517182744887,OK,539.74,674.61,297.9,2027088488.0
356,0,1,2,7,2,36.27006401941257,OK,539.23,611.97,267.01,1939350938.0
357,3,1,2,24,2,41.3554381584108,OK,534.33,628.19,274.09,1960946628.0
358,3,1,2,18,2,20.14328764364683,OK,528.24,665.53,277.56,1917751826.0
359,2,1,1,10,1,53.56612559546727,OK,542.81,643.07,297.1,1644522036.0
360,3,2,2,7,2,58.36724935322708,OK,616.85,623.83,304.79,1445361496.0
361,1,1,2,15,2,49.808337487842905,OK,578.78,638.43,273.58,2004035052.0
362,0,1,2,8,2,19.45917997776185,OK,577.91,635.21,277.05,1917880102.0
363,1,1,2,11,2,32.24769548226087,OK,578.24,666.33,276.48,1938378088.0
364,1,2,2,12,2,96.69138423031221,OK,642.57,666.69,363.23,1870591542.0
365,1,1,2,13,2,52.044531141805564,OK,536.48,669.76,277.44,2005040480.0
366,1,2,2,24,2,31.02064356866344,TIMING,631.42,629.3,inf,inf
367,3,2,1,24,1,58.15750415297494,OK,629.11,605.3,360.35,1224711004.0
368,3,2,2,10,2,53.39182225824671,OK,626.35,644.18,312.52,1429403882.0
369,2,2,2,19,2,36.33182763401277,OK,629.57,654.61,297.71,1394885092.0
370,0,1,2,21,2,99.1656009663346,OK,545.64,629.42,317.04,2543464974.0
371,3,1,2,20,2,50.54845229487497,OK,522.6,639.54,273.21,2004928756.0
372,0,1,2,21,2,40.6780770593553,OK,522.48,631.77,280.14,1960938672.0
373,1,2,2,10,2,49.470563695581326,OK,631.07,652.4,299.39,1428452558.0
374,1,1,1,17,1,54.658920721106874,OK,526.24,628.48,313.4,1644558710.0
375,1,1,2,17,2,71.14815897697278,OK,523.24,663.14,291.86,2127900038.0
376,1,1,2,23,2,55.53298713342771,OK,532.15,650.73,283.61,2027037350.0
377,1,1,2,21,2,46.568784408013876,OK,523.95,681.65,273.02,1963370444.0
378,0,1,1,25,1,62.19326366854244,OK,538.03,599.65,322.95,1721107014.0
379,0,2,2,22,2,23.412369393299954,OK,630.53,634.79,313.96,1383737914.0
380,1,2,1,14,1,53.60749538650141,OK,626.15,623.85,333.73,1223424216.0
381,1,2,2,22,2,32.42569439312468,OK,628.99,684.07,298.86,1393876904.0
382,0,1,2,21,2,46.53670131994561,OK,554.15,658.86,272.2,1963361164.0
383,1,2,2,27,2,32.10312982077114,OK,641.76,610.73,322.4,1393859382.0
384,0,2,2,13,2,80.32675114989888,OK,673.47,698.99,369.21,1672059578.0
385,3,1,2,10,2,10.718526558573027,OK,527.9,679.66,292.18,1897287718.0
386,1,1,1,20,1,63.76712840348302,OK,527.71,641.34,304.23,1722043974.0
387,1,1,2,1,2,56.527698671640806,OK,556.25,592.43,292.2,2028334866.0
388,3,1,2,18,2,32.50067911507051,OK,556.25,643.6,277.22,1938437060.0
389,0,1,0,10,1,69.57454817163163,TIMING,544.78,634.29,inf,inf
390,0,1,2,11,2,52.64764759848656,OK,524.11,667.07,278.28,2004961090.0
391,0,1,2,7,2,32.40767162175597,OK,526.51,653.69,282.79,1938316472.0
392,3,2,2,15,2,56.46529693244988,OK,629.37,623.23,319.01,1442030620.0
393,1,2,2,9,2,81.01976642823315,OK,663.24,650.48,354.2,1673993598.0
394,3,1,1,23,1,56.971089896546104,OK,558.84,644.78,308.52,1646119348.0
395,1,1,2,10,2,65.90741009120784,OK,558.84,630.14,283.32,2106102726.0
396,3,2,2,11,2,41.985987843658,OK,614.93,658.3,307.22,1405864880.0
397,1,2,1,13,1,63.207965647612305,OK,639.08,656.97,428.97,1262915768.0
398,3,2,2,19,2,24.532014116041456,OK,635.38,638.52,390.21,1393823054.0
399,3,2,2,22,2,9.764669514685565,TIMING,609.0,651.22,inf,inf
400,2,2,2,17,2,52.91418437166598,OK,620.99,645.79,392.72,1429389408.0
401,2,1,2,24,2,56.04620867551107,OK,1120.25,818.46,320.34,2027016720.0
402,1,2,2,7,2,64.65482904921129,OK,1158.88,776.73,426.21,1498062278.0
403,2,1,2,14,2,54.94284233289736,OK,1076.82,882.04,328.09,2027192930.0
404,0,2,2,19,2,21.97587930038988,OK,1340.47,774.31,327.86,1383863502.0
405,3,1,1,25,1,53.26618998617473,OK,559.94,730.1,348.5,1646017806.0
406,2,1,1,1,1,60.984252523017076,OK,569.74,728.89,347.56,1704156356.0
407,3,1,1,13,1,55.0394946110087,OK,522.9,639.69,354.18,1644665546.0
408,2,2,2,20,2,43.532692584003755,OK,689.77,705.29,318.5,1406950676.0
409,0,2,2,14,2,75.20357073485327,OK,664.91,696.74,333.56,1568940938.0
410,1,2,2,7,2,86.87832934238918,OK,669.57,672.06,386.72,1870594372.0
411,2,2,2,7,2,67.05308804168698,OK,645.08,672.8,390.61,1499598786.0
412,0,1,2,11,2,38.96242565719653,OK,570.29,669.8,273.15,1939544496.0
413,1,2,2,15,2,40.2518439419595,OK,654.71,714.35,324.68,1405930876.0
414,1,1,2,27,2,57.934815596155765,OK,553.1,640.98,332.86,2031476210.0
415,0,1,2,3,2,26.46660051894141,OK,571.05,602.52,275.29,1938287288.0
416,0,1,1,11,1,28.024772811525168,OK,554.63,711.03,332.0,1577712274.0
417,0,2,2,24,2,39.08705088493277,OK,676.68,671.75,299.13,1395009892.0
418,3,1,1,23,1,63.76332539829652,OK,550.64,669.03,303.54,1722025180.0
419,3,2,2,21,2,99.09693419902051,OK,676.67,690.97,369.49,1870583036.0
420,2,2,2,17,2,35.3117329459236,OK,660.91,659.42,288.79,1394896834.0
421,3,2,2,8,2,21.112889259508847,OK,631.15,625.78,294.26,1383729224.0
422,0,2,2,13,2,57.751261491466735,OK,605.38,630.96,312.61,1445390012.0
423,3,1,2,16,2,13.31065570968118,OK,509.41,661.76,272.78,1917150988.0
424,3,1,1,9,1,60.373563513951666,OK,533.73,595.41,317.72,1646841080.0
425,0,1,1,12,1,65.32225258970014,OK,503.28,629.94,306.37,1737325912.0
426,3,2,1,11,1,70.07655157499121,TIMING,644.38,666.06,inf,inf
427,0,1,1,10,1,36.18665211846492,OK,516.08,637.26,330.89,1592469126.0
428,2,1,2,25,2,35.453526155093336,OK,520.41,644.34,267.49,1939380946.0
429,2,2,2,11,2,44.268748730406195,OK,644.6,616.08,307.87,1406862896.0
430,0,1,1,27,1,100.0,OK,506.18,668.05,316.74,1674921214.0
431,2,1,2,11,2,20.6726463166654,OK,506.27,658.91,285.07,1917787798.0
432,0,2,2,18,2,39.800489529977476,OK,644.6,649.9,302.59,1394914240.0
433,3,2,2,18,2,57.628566966589865,OK,623.54,656.51,308.08,1445334306.0
434,0,1,1,9,1,36.72319091035276,TIMING,549.99,656.07,inf,inf
435,3,1,2,0,2,21.394617517416048,OK,509.85,681.32,283.8,1917887004.0
436,1,1,2,13,2,58.99186954289626,OK,543.62,672.28,292.41,2074661272.0
437,0,1,2,15,2,21.60683114918892,OK,522.36,651.91,293.69,1917793330.0
438,1,1,1,23,1,55.59306322271874,OK,563.87,565.86,314.91,1644708592.0
439,0,1,2,8,2,26.611260387485224,OK,563.89,670.27,281.25,1938313186.0
440,1,1,1,11,1,57.180511817458125,OK,564.98,671.47,313.3,1646103504.0
441,2,2,2,5,2,23.115317692651928,OK,638.22,631.74,309.97,1383765646.0
442,2,2,2,10,2,51.01197635245166,OK,637.24,621.6,282.59,1428430696.0
443,3,2,2,16,2,51.568292952766406,OK,624.41,638.77,297.47,1428461022.0
444,1,1,2,17,2,78.48190194804853,OK,529.05,636.89,313.78,2247338014.0
445,1,2,1,25,1,62.84724477177374,OK,626.23,655.6,338.73,1263003956.0
446,0,1,2,19,2,12.339509441796803,OK,532.09,668.18,286.34,1897300674.0
447,2,1,1,18,1,57.7038188860283,OK,538.0,666.52,312.18,1646100074.0
448,3,2,2,6,2,87.28393405393737,OK,646.58,653.98,359.34,1870628630.0
449,0,1,2,22,2,67.77891571397572,OK,523.7,607.37,284.57,2103386842.0
450,3,1,1,5,1,60.47430461501682,OK,544.74,621.64,303.48,1646841754.0
451,3,1,2,23,2,33.192942041400464,OK,539.62,633.9,282.33,1939326596.0
452,1,1,1,22,1,55.41315768878044,OK,524.13,665.27,313.65,1644672030.0
453,3,2,2,23,2,21.03656237924234,OK,616.01,637.66,300.74,1383823134.0
454,0,2,2,10,2,85.08283229389055,OK,660.15,669.94,368.63,1870535536.0
455,2,2,2,14,2,40.82992229343344,OK,620.88,663.12,297.15,1405820672.0
456,3,2,2,3,2,18.87605631694797,OK,637.61,614.44,297.01,1383767958.0
457,3,2,2,27,2,45.925708219586284,OK,646.08,627.26,292.09,1407811816.0
458,3,2,2,3,2,23.636779336766743,OK,646.87,633.05,309.23,1383835856.0
459,2,1,2,0,2,30.990400838495113,OK,529.11,634.99,288.96,1938333822.0
460,1,2,2,16,2,18.362051107778832,OK,610.69,637.68,287.39,1383698438.0
461,1,1,2,18,2,38.96954445864367,OK,529.35,659.23,272.44,1939483980.0
462,3,2,1,14,1,59.18265184727732,OK,653.12,635.05,353.96,1231309668.0
463,0,1,0,18,0,2.419795800953728,TIMING,527.43,647.14,inf,inf
464,0,2,2,13,2,64.89049482578694,OK,652.03,624.45,303.59,1498524506.0
465,1,2,2,10,2,47.40934162473193,OK,633.2,634.89,290.25,1418312984.0
466,2,2,2,16,2,26.678267272165606,TIMING,638.91,627.12,inf,inf
467,3,1,1,8,1,55.67340457580241,OK,554.27,670.1,307.61,1644696530.0
468,3,2,1,2,1,54.652786630026995,OK,622.31,609.77,346.13,1223480870.0
469,1,2,2,16,2,82.39346956744006,OK,672.11,654.08,342.13,1689376448.0
470,2,1,2,24,2,73.37758041096701,OK,553.64,632.04,291.92,2216948660.0
471,0,2,2,26,2,68.89219164204906,OK,657.41,614.27,333.77,1497309058.0
472,1,1,1,3,1,63.037134213195436,OK,524.96,648.97,303.17,1721440446.0
473,2,2,2,26,2,58.228704782032366,OK,645.84,628.95,308.15,1445374834.0
474,0,1,2,26,2,18.938229821835318,OK,526.63,650.84,279.46,1917919692.0
475,3,2,2,23,2,55.09184546999744,OK,646.81,647.87,311.56,1441013930.0
476,3,1,2,20,2,74.51339219320926,OK,522.02,679.69,298.04,2218567114.0
477,1,2,2,19,2,36.43735461253487,OK,614.19,637.33,298.98,1394897770.0
478,0,1,2,20,2,32.6625025082719,OK,533.19,634.47,281.63,1938534042.0
479,1,1,2,17,2,44.526607957303014,OK,526.23,612.68,282.76,1962945730.0
480,3,2,2,21,2,72.3934095317859,OK,637.08,647.73,323.41,1500824406.0
481,2,1,2,27,2,90.90291077070768,OK,527.68,661.34,307.69,2564765696.0
482,3,2,1,21,1,53.67777665840002,OK,645.69,607.22,328.48,1223377884.0
483,2,1,1,15,1,55.26071662578458,OK,525.58,642.93,312.75,1644605470.0
484,3,1,2,9,2,47.983040868644665,OK,528.89,641.77,268.16,1983965940.0
485,2,1,2,16,2,42.6875358604107,OK,518.5,626.91,287.06,1961373042.0
486,2,1,2,26,2,75.87498336304515,OK,524.74,611.19,287.07,2241338580.0
487,3,1,2,8,2,47.43725749597114,OK,544.16,665.69,267.83,1983943626.0
488,3,1,2,13,2,19.859476813943246,OK,551.06,644.23,268.26,1917838468.0
489,1,2,2,12,2,64.52509046659573,OK,645.48,635.0,314.71,1498194606.0
490,3,2,2,10,2,51.27801438074895,OK,644.91,611.27,287.05,1428455204.0
491,3,1,1,9,1,62.91179767319388,OK,524.51,664.66,318.45,1721437478.0
492,2,1,1,25,1,56.066676487835856,OK,525.82,634.51,304.3,1644725422.0
493,0,1,2,23,2,56.637551320212964,OK,533.55,640.08,286.62,2028272374.0
494,0,1,2,26,2,66.56693655588498,OK,529.83,628.72,281.14,2106047384.0
495,2,2,2,25,2,44.400859901637205,OK,626.97,615.29,287.87,1406868230.0
496,1,2,2,26,2,64.16200048463887,OK,620.75,641.95,318.01,1496179204.0
497,2,2,2,8,2,67.88916338101946,OK,622.66,612.9,328.19,1497215718.0
498,2,1,2,0,2,91.28734087627942,OK,551.86,642.17,313.41,2564745364.0
499,2,1,2,21,2,85.52797211309398,OK,551.67,634.29,312.34,2543483484.0
500,0,2,2,12,2,61.951839406270956,OK,638.33,606.46,306.85,1483744752.0
501,0,1,1,18,1,13.987655266834881,TIMING,519.64,609.35,inf,inf
502,3,2,1,8,1,58.707492521170245,TIMING,625.98,622.6,inf,inf
503,1,2,2,19,2,34.89872383088718,OK,631.82,686.96,293.48,1394916212.0
504,1,1,1,20,1,56.75779337319554,OK,541.32,664.08,312.5,1646122834.0
505,0,1,1,12,1,68.94167069590962,TIMING,538.91,625.33,inf,inf
506,0,2,2,27,2,61.295879649611784,OK,646.87,644.21,298.5,1483153646.0
507,3,1,1,12,1,54.142137999392325,OK,537.88,663.92,307.15,1644702380.0
508,2,2,2,7,2,50.85194154615109,OK,647.21,620.22,297.2,1428471282.0
509,2,2,2,3,2,87.70922530140768,OK,633.11,707.66,359.54,1870629484.0
510,3,1,2,27,2,22.69877565684515,OK,537.6,633.33,289.12,1917832432.0
511,0,2,2,15,2,37.37196699974491,OK,635.93,622.39,294.84,1394889750.0
512,1,2,2,13,2,80.69895265021857,OK,643.52,655.78,351.87,1674034598.0
513,3,2,2,23,2,94.98622953049124,OK,646.64,657.98,358.21,1870486336.0
514,0,1,2,7,2,76.09780213000491,OK,540.31,632.57,292.61,2244416824.0
515,2,1,1,8,1,56.211207649415606,OK,531.8,608.36,307.53,1644754534.0
516,2,2,2,27,2,20.810416587439672,OK,614.71,617.21,307.66,1383772204.0
517,2,1,1,7,1,54.44383842817474,OK,526.62,633.03,314.54,1644652418.0
518,1,1,2,7,2,39.76951530156473,OK,526.61,629.39,275.87,1939936578.0
519,2,2,1,22,1,53.14073346855519,OK,648.3,644.9,338.16,1224022382.0
520,1,1,2,10,2,52.17922400838285,OK,533.55,634.63,261.72,2004975672.0
521,1,2,2,7,2,21.00312159082487,OK,631.64,637.54,299.69,1383756602.0
522,2,2,2,8,2,22.48310529233021,OK,642.93,685.67,296.82,1383744272.0
523,2,2,1,23,1,56.149874056265915,OK,625.94,648.11,382.85,1223469418.0
524,1,2,2,4,2,32.939143892657206,OK,616.37,644.65,308.84,1394726542.0
525,0,2,2,2,2,59.022824402106075,OK,649.0,646.49,308.07,1469078478.0
526,0,1,2,18,2,24.720581624160044,OK,551.58,609.43,277.06,1938336674.0
527,2,1,2,11,2,42.765795504663494,OK,551.58,605.73,294.01,1961571180.0
528,3,2,2,18,2,76.39480683195092,OK,628.3,662.76,332.46,1573669416.0
529,2,1,2,26,2,20.343118570393425,OK,523.13,651.49,298.55,1917907550.0
530,2,1,2,21,2,20.159854621930627,OK,533.83,631.35,278.96,1917815432.0
531,1,2,2,23,2,38.45775055787978,OK,633.77,660.02,308.63,1394868838.0
532,2,1,2,20,2,17.107997408551956,OK,526.28,667.79,267.1,1917341348.0
533,1,2,1,16,1,54.14090307485016,OK,631.85,657.45,373.28,1223358976.0
534,2,2,2,5,2,42.081218857187395,OK,649.61,655.09,313.27,1405933170.0
535,1,1,2,12,2,17.822007174828446,OK,561.86,639.7,283.92,1917378510.0
536,2,1,2,18,2,82.53739812015262,OK,561.87,606.49,301.5,2452768524.0
537,2,1,1,23,1,65.4009000961263,OK,538.33,633.22,306.94,1737446180.0
538,1,2,2,17,2,32.405517940828474,OK,644.94,642.67,303.5,1393878408.0
539,3,2,2,10,2,39.357781055758146,OK,639.16,653.98,301.58,1394784100.0
540,2,1,1,27,1,61.751548795755106,TIMING,540.63,633.01,inf,inf
541,1,1,2,18,2,21.07010532101057,OK,536.35,660.82,290.77,1917860338.0
542,1,1,2,26,2,32.0363506468869,OK,537.52,596.68,286.41,1938426610.0
543,1,2,2,10,2,19.12679378679508,OK,633.32,617.93,315.14,1383817010.0
544,0,2,2,4,2,56.12370320892015,OK,619.37,669.2,313.01,1442026658.0
545,2,2,2,7,2,62.374998380295686,OK,624.07,658.82,312.18,1494625146.0
546,1,1,2,6,2,16.989714663035393,OK,566.8,666.38,277.62,1917307014.0
547,0,2,2,9,2,43.22011867940553,OK,616.84,666.31,303.59,1405954736.0
548,3,2,2,0,2,28.672534089217255,OK,640.75,621.72,303.86,1393792330.0
549,0,2,2,10,2,32.674383948730764,OK,618.83,626.36,292.59,1393893934.0
550,1,2,2,2,2,70.68670095905819,OK,643.26,642.5,323.91,1500667896.0
551,2,2,2,4,2,32.998130240193255,OK,620.81,617.5,305.0,1394830364.0
552,1,1,1,4,1,12.011030552265812,TIMING,542.8,639.55,inf,inf
553,3,2,2,1,2,21.65911369914848,OK,632.15,653.39,298.0,1383801548.0
554,3,1,2,2,2,43.26417280002738,OK,516.05,664.83,271.73,1961380158.0
555,3,1,2,1,2,46.48511060838012,OK,522.05,652.58,268.79,1963477388.0
556,1,1,1,24,1,54.772460745179885,OK,539.89,627.88,308.88,1644667758.0
557,3,2,2,13,2,45.293541124111044,OK,639.86,635.24,289.22,1407791512.0
558,2,1,2,14,2,19.079705112384115,OK,519.05,613.33,283.53,1917819458.0
559,3,1,2,24,2,17.590690035485224,OK,540.94,670.3,276.48,1917329920.0
560,3,2,2,23,2,41.820688852379654,OK,617.03,619.62,309.75,1405918434.0
561,3,2,2,14,2,34.669827765017835,OK,615.89,631.97,303.96,1394876198.0
562,2,1,2,13,2,41.86471969502749,OK,535.2,626.96,280.93,1961483372.0
563,1,2,2,3,2,45.742711073624896,OK,631.71,654.95,296.66,1407746090.0
564,1,2,2,26,2,70.09433740629561,OK,648.23,667.6,328.49,1499775048.0
565,1,2,2,16,2,43.92006992128841,OK,631.14,640.18,304.38,1406818574.0
566,0,1,2,21,2,79.49382047114216,OK,524.62,642.18,322.96,2341018058.0
567,1,1,1,10,1,48.197552372520505,OK,541.32,652.68,297.82,1643951710.0
568,3,2,2,10,2,24.690300686984667,OK,620.11,617.61,303.66,1393742078.0
569,2,1,2,5,2,34.92007330676753,OK,549.76,640.85,287.98,1939528676.0
570,3,2,2,0,2,25.146297073238287,OK,624.62,607.97,290.44,1393707082.0
571,2,2,2,3,2,40.249197934325984,OK,625.56,635.66,310.78,1405905206.0
572,1,2,2,11,2,22.676248381541264,OK,644.66,636.17,292.95,1383747088.0
573,1,2,2,13,2,19.37129936001684,OK,645.63,622.22,300.44,1383772030.0
574,1,1,2,17,2,28.451127030534806,OK,550.74,603.99,286.45,1938198320.0
575,3,1,2,23,2,53.33843970933191,OK,521.58,633.85,307.44,2005068554.0
576,2,1,2,24,2,64.92208842962087,OK,549.52,632.61,277.93,2104976808.0
577,1,1,1,16,1,52.903797334328864,OK,525.82,614.95,303.16,1646076978.0
578,0,2,2,24,2,51.763608766761884,OK,629.11,632.62,288.8,1428498312.0
579,1,1,1,14,1,59.31225543481259,OK,530.49,635.31,307.01,1660721642.0
580,1,2,2,18,2,60.02296576392823,OK,624.14,621.09,306.95,1473216156.0
581,1,1,2,11,2,12.804526065420252,OK,552.02,665.08,287.74,1917241204.0
582,0,1,2,4,2,20.503216452539508,OK,520.15,663.89,272.01,1917833272.0
583,2,1,2,26,2,46.36462418538919,OK,545.39,606.55,280.62,1963472532.0
584,3,1,1,7,1,61.160375595596996,OK,521.25,607.71,309.74,1704173942.0
585,0,1,2,17,2,19.2027280062515,OK,543.84,641.89,277.13,1917898198.0
586,1,2,2,2,2,75.27950379620962,OK,634.13,670.81,329.06,1568944476.0
587,0,1,2,10,2,47.866392144556855,OK,547.22,662.94,272.27,1983963806.0
588,2,1,2,26,2,18.147097395574274,OK,531.18,637.61,282.21,1917355386.0
589,1,2,2,21,2,68.4710792115767,OK,641.35,649.34,307.19,1497272616.0
590,2,1,2,18,2,23.961193169196516,OK,533.31,668.66,291.85,1918360818.0
591,0,1,1,17,1,32.41424930108522,TIMING,536.9,604.19,inf,inf
592,1,2,2,22,2,50.22317789229004,OK,621.97,620.22,297.75,1428495114.0
593,1,1,2,21,2,24.438069718268373,OK,519.94,665.13,281.45,1918296970.0
594,1,1,1,23,1,55.59328351975886,OK,536.98,640.6,314.88,1644649588.0
595,2,2,2,11,2,97.63937247301232,OK,651.05,656.26,363.56,1870558634.0
596,2,1,2,20,2,55.94298663958038,OK,520.02,639.52,289.56,2027272436.0
597,3,2,2,0,2,20.673963655832583,OK,632.07,636.3,307.51,1383732588.0
598,3,2,2,8,2,73.27555761129399,OK,618.78,650.3,312.06,1557441668.0
599,3,2,2,11,2,18.03023002470895,OK,634.92,624.28,291.88,1383756628.0
600,3,2,2,22,2,76.31331645921135,OK,624.62,622.77,325.91,1573614920.0
601,0,2,2,0,2,65.37822436029974,OK,627.34,628.62,334.07,1499113922.0
602,1,1,2,3,2,77.95138728907489,OK,553.73,603.21,309.51,2247143734.0
603,2,2,2,26,2,77.31994547424912,OK,642.15,660.12,327.79,1575208014.0
604,3,2,2,14,2,73.22217509335253,OK,645.15,701.59,324.41,1557473784.0
605,0,1,2,9,2,27.747810222083057,OK,538.89,609.12,288.85,1938380128.0
606,1,1,2,4,2,61.040907398685164,OK,539.46,669.94,280.8,2080284572.0
607,1,2,2,22,2,74.52322361188715,OK,625.37,655.48,318.5,1558939490.0
608,0,2,2,14,2,63.2745111596651,OK,619.33,618.18,327.26,1494657150.0
609,3,2,1,13,1,55.97508312838168,OK,624.24,624.97,357.48,1223436868.0
610,0,2,2,16,2,48.876335839970686,OK,629.94,643.41,287.23,1428485324.0
611,0,1,2,23,2,55.86348311288406,OK,529.15,666.63,298.09,2027173900.0
612,3,2,2,18,2,39.02726573059481,OK,631.84,659.4,299.03,1394895112.0
613,3,1,2,11,2,59.63245945719997,OK,536.41,662.79,298.58,2079794732.0
614,2,2,1,13,1,61.14212638222995,OK,629.38,654.9,363.59,1253863508.0
615,3,2,2,23,2,46.544603265028606,OK,627.66,640.54,303.67,1407817950.0
616,1,1,2,16,2,58.59936904042926,OK,526.96,668.4,291.66,2054780322.0
617,1,2,2,13,2,85.60380998356625,OK,628.33,699.95,378.38,1870657022.0
618,2,1,1,9,1,57.342125825882974,OK,543.54,681.42,298.27,1646063370.0
619,1,2,1,9,1,63.417347473840636,OK,642.53,639.35,366.85,1263610820.0
620,1,1,1,26,1,53.6722697729519,OK,544.33,645.03,300.38,1644525390.0
621,2,1,1,26,1,57.728043497408066,OK,546.58,631.71,320.13,1646151276.0
622,1,2,2,9,2,60.25590164992207,OK,642.25,654.76,323.38,1473250032.0
623,0,2,2,14,2,40.76905446510226,OK,615.01,618.87,302.5,1405965654.0
624,1,2,2,0,2,21.41515914184524,OK,623.63,625.94,291.66,1383775960.0
625,0,2,0,13,1,24.611834210536465,TIMING,615.41,642.29,inf,inf
626,3,1,1,9,1,57.56832871332722,OK,540.02,677.49,303.76,1646039460.0
627,2,2,2,22,2,12.227280030794086,TIMING,622.75,610.7,inf,inf
628,0,2,2,13,2,40.7420521878701,OK,630.77,612.32,298.6,1405876422.0
629,1,2,1,26,1,58.49946525629167,TIMING,634.33,635.85,inf,inf
630,0,1,2,19,2,94.22066568336406,OK,547.85,629.78,322.42,2543513776.0
631,1,1,2,12,2,27.157855078780436,OK,539.04,623.91,288.8,1938297232.0
632,1,1,2,2,2,21.126376360009242,OK,521.59,663.28,282.03,1917837462.0
633,1,1,2,11,2,57.55448594757746,OK,532.28,642.27,289.64,2031521896.0
634,3,1,2,11,2,73.21368571639493,OK,522.65,637.26,297.62,2216974150.0
635,2,1,1,25,1,57.00653460782736,OK,549.97,668.75,302.33,1646114200.0
636,0,1,1,21,0,100.0,TIMING,550.19,650.91,inf,inf
637,1,2,2,16,2,60.96105453067645,OK,629.96,621.17,318.97,1473277704.0
638,2,1,2,18,2,26.247370998018393,OK,541.22,632.75,283.46,1938299644.0
639,3,1,1,7,1,56.00761369949176,OK,541.22,643.54,301.68,1644662818.0
640,2,1,2,12,2,42.86296913631269,OK,524.32,604.28,293.0,1961468736.0
641,1,2,2,26,2,44.53248302842528,OK,633.45,657.0,293.36,1407264934.0
642,0,2,2,14,2,40.32741932618777,OK,615.14,628.59,302.64,1405904096.0
643,0,1,2,16,2,48.92993762450446,OK,544.27,633.55,277.1,1984107944.0
644,1,2,2,26,2,11.781374669406041,TIMING,615.32,618.71,inf,inf
645,3,1,2,13,2,26.48819503875336,OK,527.14,650.81,280.32,1938269046.0
646,2,2,2,10,2,95.23078158427634,OK,656.27,658.33,358.49,1870643504.0
647,0,1,2,26,2,81.18814381950202,OK,551.04,637.26,296.6,2345279616.0
648,3,2,2,14,2,91.11009886793589,OK,640.15,658.93,371.46,1880494576.0
649,3,1,2,8,2,31.70802985942041,OK,524.05,662.44,288.55,1938368288.0
650,1,2,1,19,1,62.80132999565223,OK,658.65,654.58,333.28,1262957974.0
651,3,2,2,26,2,88.07061263845452,OK,649.62,643.02,352.21,1870558578.0
652,1,2,2,10,2,73.47738243142125,OK,627.21,625.67,317.06,1557455496.0
653,2,2,2,23,2,17.25561830750386,OK,624.21,626.43,313.61,1383690208.0
654,2,1,1,8,1,54.4394891325247,OK,521.78,659.46,319.11,1644655308.0
655,0,1,2,20,2,77.96728640291136,OK,535.54,631.83,301.67,2247195772.0
656,1,2,2,22,2,53.89977399416422,OK,631.62,635.99,312.08,1440905708.0
657,1,1,1,1,1,54.62371065306885,OK,533.84,645.76,313.51,1644707292.0
658,3,1,1,15,1,54.8863836621194,OK,519.3,622.06,308.32,1644647268.0
659,2,2,2,4,2,37.36099229792656,OK,629.63,634.87,288.2,1394898078.0
660,1,1,2,21,2,84.51185049360303,OK,526.35,629.28,317.75,2543452442.0
661,0,2,2,15,2,53.521291719493824,OK,641.22,643.34,313.68,1429416806.0
662,1,2,2,9,2,23.599106400181192,OK,641.44,617.43,296.98,1383713154.0
663,2,2,2,21,2,71.68519918628434,OK,621.14,621.4,323.59,1510799738.0
664,3,2,2,24,2,52.002574522726476,OK,617.7,598.0,307.99,1428467084.0
665,2,2,2,5,2,18.858677681631242,OK,613.43,585.22,295.09,1383756228.0
666,3,2,2,18,2,43.05200293697359,OK,612.24,644.48,322.01,1405991714.0
667,3,2,2,26,2,49.689905988931635,OK,629.59,607.33,290.0,1428395552.0
668,1,1,2,12,2,27.523958561048843,OK,533.52,631.26,293.73,1938337870.0
669,0,2,1,3,1,28.500510635828867,OK,617.13,609.32,322.17,1183517554.0
670,2,2,2,0,2,96.25276038115781,OK,638.38,652.13,368.89,1870617194.0
671,3,9,2,11,2,65.51494923398408,PE4,inf,inf,inf,inf
672,0,1,2,23,2,54.97633982808886,OK,540.39,664.77,293.15,2027172138.0
673,2,2,2,22,2,24.233813389773484,OK,639.64,655.44,297.82,1383707372.0
674,3,2,2,22,2,25.257678220294366,OK,607.99,649.88,295.35,1393705024.0
675,1,2,1,9,1,61.32296871116015,OK,662.8,664.87,358.07,1262711448.0
676,2,1,1,2,1,63.07918194041957,OK,552.97,632.42,321.99,1721338478.0
677,1,2,2,6,2,21.252597315757882,OK,616.61,618.88,293.27,1383701182.0
678,3,2,2,12,2,57.89439681647603,OK,630.59,646.57,323.41,1445330380.0
679,3,1,1,24,1,56.1205976939293,OK,555.17,572.19,308.13,1644653614.0
680,2,1,2,9,2,38.042733214837185,OK,555.18,631.97,276.64,1939349482.0
681,2,2,1,24,1,61.4018448604896,OK,644.51,650.5,364.01,1262570726.0
682,2,1,2,10,2,74.48738908621276,OK,535.1,664.84,296.67,2218572358.0
683,1,1,1,25,1,60.382971998435565,OK,531.08,649.93,307.91,1646845438.0
684,0,1,2,16,2,33.82376625369221,OK,530.63,613.75,288.97,1939335032.0
685,3,2,2,7,2,40.75910104679783,OK,636.03,660.98,297.74,1405864418.0
686,0,1,1,23,1,63.9365951493467,OK,529.46,627.49,307.45,1722042836.0
687,3,2,2,16,2,56.64285198731977,OK,649.78,632.35,312.64,1442088528.0
688,1,1,1,12,1,55.51703035146719,OK,536.19,656.77,314.13,1644712892.0
689,2,2,2,16,2,49.784972036598205,OK,640.88,602.03,281.95,1428585420.0
690,0,2,2,27,2,62.42766337941564,OK,621.6,641.97,324.47,1494699202.0
691,3,2,1,17,1,57.29557919139836,OK,621.62,622.4,327.45,1224117336.0
692,2,2,2,21,2,94.02772369629572,OK,655.85,656.35,370.22,1870624120.0
693,3,1,1,22,1,67.96394234428524,TIMING,556.1,642.57,inf,inf
694,1,2,2,10,2,55.982252884942405,OK,617.47,614.24,311.07,1441125534.0
695,1,2,2,15,2,76.87462920515702,OK,637.38,627.11,329.58,1573788016.0
696,1,2,1,25,1,63.71748905042749,OK,643.67,658.78,359.3,1263649858.0
697,1,2,2,22,2,47.14828130801605,OK,644.24,645.27,308.72,1418313802.0
698,3,2,2,1,2,22.68160562915884,OK,642.55,629.25,292.32,1383798762.0
699,2,2,2,23,2,23.78528284379434,OK,622.43,606.39,302.01,1383762524.0
700,3,1,1,0,1,62.32890282218876,OK,540.61,633.13,323.78,1721297260.0
701,0,2,2,10,2,93.54480919317099,OK,653.65,660.36,359.61,1880487016.0
702,2,3,2,15,1,47.669915083481854,TIMING,796.67,669.9,inf,inf
703,2,1,2,14,2,64.5866353599586,OK,526.73,684.54,286.42,2104573546.0
704,1,1,2,14,2,82.47473915142136,OK,545.42,630.34,306.09,2452737438.0
705,0,1,2,2,2,47.01607211192504,OK,562.6,654.11,262.0,1983848098.0
706,1,2,2,18,2,60.567654047905584,OK,630.94,606.68,327.65,1473231048.0
707,2,2,2,0,2,22.422748493814705,OK,627.2,664.5,304.96,1383783640.0
708,2,2,2,27,2,60.70105679342599,OK,644.16,612.68,306.76,1473244858.0
709,2,1,2,18,2,23.17393714847722,OK,558.31,635.68,278.28,1917878700.0
710,1,2,2,24,2,40.50205397690916,OK,639.66,624.68,306.93,1405896734.0
711,0,1,2,21,2,19.977302732609896,OK,559.02,666.85,283.17,1917762054.0
712,1,1,3,9,0,41.716974878831756,TIMING,543.64,636.54,inf,inf
713,3,2,2,14,2,64.40550820255801,OK,645.81,637.74,318.01,1498189952.0
714,0,1,2,10,2,86.9049528096838,OK,529.48,628.23,324.4,2543538868.0
715,1,2,2,4,2,38.08577675945863,OK,645.8,641.91,302.4,1394905560.0
716,3,1,1,4,1,53.58551268879237,OK,522.9,629.02,297.19,1644570078.0
717,2,2,2,14,2,45.54422522772359,OK,638.3,624.51,297.96,1407765486.0
718,1,2,2,0,2,37.179473171737854,OK,627.4,663.27,312.79,1394872132.0
719,1,2,2,19,2,86.92794109185672,OK,631.14,637.95,359.25,1870659132.0
720,3,2,2,3,2,22.94706889971557,OK,639.12,668.57,308.04,1383799248.0
721,2,1,2,7,2,51.2087131157543,OK,551.73,656.5,277.27,2004992012.0
722,1,2,2,10,2,18.094456483744672,OK,646.34,645.7,298.12,1383803106.0
723,1,1,1,8,1,59.26548886987858,OK,545.22,662.43,302.49,1660873142.0
724,1,1,2,11,2,87.90623240576627,OK,539.72,619.55,315.24,2543579932.0
725,2,1,2,27,2,18.13908856526154,OK,519.02,657.98,284.01,1917332734.0
726,2,1,2,11,2,11.078020331632054,OK,540.14,651.57,288.26,1897234988.0
727,1,2,2,9,2,79.88200896794218,OK,637.04,642.62,363.31,1672205164.0
728,2,1,2,2,2,56.173040668840954,OK,550.05,664.48,286.77,2028223296.0
729,0,2,2,15,2,23.01149054210645,OK,610.51,615.61,301.87,1383714574.0
730,0,2,2,7,2,89.94055467813651,OK,632.74,654.9,359.13,1880573104.0
731,2,1,1,18,1,97.97467736520473,TIMING,543.81,620.88,inf,inf
732,0,2,2,27,2,42.810827734933795,OK,630.49,616.9,317.46,1405901504.0
733,2,2,2,13,2,20.149598928788485,OK,665.62,641.74,302.89,1383750958.0
734,2,2,2,3,2,25.360498156940224,OK,664.93,648.85,288.11,1393764110.0
735,1,2,1,13,1,56.45679009176144,OK,665.62,640.69,353.29,1224138712.0
736,0,1,2,16,2,17.87188567035509,TIMING,531.15,672.5,inf,inf
737,3,2,2,13,2,46.500887967547875,OK,635.21,618.79,301.29,1407854830.0
738,2,2,2,17,2,95.94900237393126,OK,660.8,656.31,362.56,1870580160.0
739,3,2,2,21,2,84.820658547969,OK,627.89,664.85,369.32,1870638176.0
740,0,1,2,27,2,50.4206376406252,OK,551.96,665.8,266.71,2005076220.0
741,0,1,2,26,2,51.57346326490353,OK,554.04,637.77,279.6,2005042778.0
742,3,2,2,25,2,81.60990319955594,OK,648.18,665.3,353.14,1689461596.0
743,1,1,1,25,1,53.63053952903047,OK,558.65,646.19,303.77,1644540210.0
744,1,1,2,16,2,56.286252645453935,OK,557.98,674.4,288.52,2028226920.0
745,0,2,2,0,2,75.52495386477193,OK,631.6,631.18,327.19,1570813936.0
746,3,1,2,13,2,26.570239528634044,OK,558.46,669.11,282.0,1938267464.0
747,3,2,2,4,2,76.43426694357991,OK,647.04,660.65,339.04,1573758772.0
748,0,2,2,2,2,51.49948814598566,OK,615.33,611.6,298.43,1428431798.0
749,1,2,2,13,2,59.64964349912616,OK,666.92,614.72,317.68,1473212046.0
750,3,2,2,18,2,34.92847731236359,OK,666.6,651.25,303.26,1394866622.0
751,2,2,2,16,2,53.63746701800785,OK,618.77,646.5,325.29,1429395314.0
752,1,2,2,23,2,43.759104167703335,OK,667.42,624.07,287.3,1406843024.0
753,1,1,2,24,2,21.76568199916661,OK,551.23,649.64,296.25,1917898966.0
754,2,2,1,15,1,53.20885488734737,OK,635.3,593.85,338.61,1224051078.0
755,0,1,2,6,2,42.680341583585104,OK,552.24,600.47,282.25,1961449850.0
756,3,2,2,25,2,31.955143153672736,OK,616.74,665.99,307.35,1393814982.0
757,0,1,2,15,2,10.72319896891737,OK,538.68,624.38,282.13,1897293600.0
758,2,2,2,20,2,53.8294175602464,OK,615.61,629.88,322.19,1441008626.0
759,1,1,2,0,2,70.08069216226552,OK,518.91,645.23,282.79,2106271396.0
760,3,1,2,23,2,38.65029270756211,OK,539.04,632.37,277.61,1939367654.0
761,0,1,2,20,2,9.872965373338094,OK,548.71,666.32,282.25,1897312770.0
762,3,2,2,0,2,22.856885213612046,OK,620.64,616.19,293.69,1383848892.0
763,1,1,1,0,1,62.544538625968784,OK,549.63,679.86,324.16,1721357210.0
764,3,2,2,15,2,68.74318553824783,OK,615.33,614.49,317.87,1497246314.0
765,2,2,2,23,2,68.59290193326981,OK,615.51,629.69,313.54,1497264316.0
766,1,2,2,26,2,71.43904841999232,OK,638.14,634.29,316.77,1510781182.0
767,3,2,2,19,2,17.390027525879773,OK,637.7,669.27,293.84,1383750254.0
768,0,1,2,27,2,18.70502219529042,OK,544.45,662.38,296.39,1917843932.0
769,2,1,1,21,1,53.69451613679934,OK,543.75,635.18,292.19,1644548386.0
770,2,2,2,20,1,85.7304050200839,TIMING,634.32,664.15,inf,inf
771,1,1,1,5,1,54.30979415366577,OK,532.95,608.46,313.74,1644623088.0
772,1,1,1,1,1,57.249318652791736,OK,544.86,584.63,301.47,1646174558.0
773,1,1,1,11,1,50.92511028884776,OK,537.22,656.81,302.27,1645691794.0
774,3,2,2,12,2,50.533778858088,OK,642.35,627.2,293.3,1428516134.0
775,1,1,1,20,1,63.59809057902572,OK,536.87,613.33,303.65,1722002036.0
776,1,2,2,14,2,54.00784414029249,OK,614.74,623.29,314.5,1440843316.0
777,1,1,2,14,2,28.296690174687754,OK,522.18,603.66,288.63,1938231784.0
778,1,2,2,23,2,50.10109334690465,OK,622.88,650.08,288.68,1428492448.0
779,1,1,2,6,2,72.86266475854913,OK,540.79,659.15,292.08,2192577676.0
780,1,2,2,27,2,53.61594323204708,OK,637.56,621.24,324.62,1429458144.0
781,3,1,2,2,2,78.15342435017473,OK,549.39,629.4,308.05,2247480698.0
782,1,1,1,3,1,48.448324592128294,OK,524.78,604.94,303.94,1643959476.0
783,1,1,2,22,2,34.218832045260115,OK,523.77,676.58,273.02,1939469400.0
784,2,1,1,19,1,53.52388025195276,OK,556.47,640.4,308.26,1644597236.0
785,2,1,2,21,2,28.379743563015847,OK,533.91,641.95,282.17,1938299838.0
786,2,1,2,0,2,21.172294674093024,OK,526.44,631.47,287.79,1917815216.0
787,0,2,2,13,2,30.27856874451228,OK,619.88,631.36,317.43,1393751500.0
788,0,2,2,1,2,34.27656344336996,OK,635.96,629.18,291.58,1394880738.0
789,0,2,2,19,2,58.37636976346155,OK,656.27,664.75,308.39,1445406542.0
790,1,2,2,4,2,58.75308180066149,OK,630.42,625.45,307.84,1458543250.0
791,1,1,2,21,2,74.0170687271967,OK,567.05,613.89,292.66,2217474254.0
792,0,1,1,24,1,64.06255775363454,OK,567.05,672.0,297.11,1721955754.0
793,3,2,2,3,2,87.72295759693932,OK,629.13,668.63,352.27,1870589670.0
794,1,2,2,0,2,42.498899874145266,OK,621.09,658.41,310.91,1405956072.0
795,2,2,2,9,2,51.5306985240802,OK,639.76,621.59,302.96,1428369840.0
796,2,1,2,10,2,20.72619016429217,OK,546.67,662.45,283.91,1917842258.0
797,1,1,1,0,1,52.580348989252634,OK,536.2,623.1,313.39,1646039292.0
798,0,2,2,1,2,81.33644381897376,OK,641.27,613.17,394.61,1681599918.0
799,3,1,2,8,2,19.33188098019844,OK,548.11,645.84,292.72,1917924346.0
800,1,1,2,26,2,62.41104536248698,OK,529.07,633.07,293.62,2101919984.0
801,1,1,2,13,2,48.77721954652456,OK,544.89,666.6,272.0,1984119746.0
802,1,1,1,11,1,53.29683087420405,OK,527.45,611.24,317.24,1646092842.0
803,0,2,2,22,2,54.14433063895444,OK,624.77,639.95,328.55,1440994488.0
804,1,1,2,27,2,20.137244628149165,OK,553.01,656.69,266.59,1917814390.0
805,0,1,1,15,1,19.038685223847274,OK,545.81,641.43,323.86,1548900148.0
806,0,1,2,7,2,37.415586592122885,OK,544.89,636.19,271.61,1939471568.0
807,1,1,1,21,1,54.32446321068999,OK,520.16,647.81,306.74,1644700432.0
808,1,1,1,6,1,60.549093149182,OK,523.18,666.67,313.78,1646891216.0
809,3,1,1,20,1,56.776004004729884,OK,530.44,664.36,302.18,1646090626.0
810,1,1,2,25,2,94.62037298555816,OK,529.13,622.89,314.14,2543507062.0
811,2,2,1,11,1,55.8239438822912,OK,632.41,642.19,344.17,1223547098.0
812,3,1,2,13,2,25.503090147737783,OK,534.27,641.69,279.25,1938312794.0
813,2,2,2,7,2,55.60490189131734,OK,620.76,606.35,316.96,1441007926.0
814,2,2,2,7,2,72.48017309163501,OK,641.45,609.4,316.81,1500797336.0
815,1,1,2,15,2,28.995980450450233,OK,543.58,628.83,283.14,1938346174.0
816,1,2,2,24,2,38.69659938923644,OK,618.6,652.01,292.27,1394925770.0
817,1,1,1,6,1,19.635783962940167,TIMING,540.9,656.05,inf,inf
818,3,1,2,9,2,76.29148933936722,OK,546.6,592.05,287.49,2244338006.0
819,2,1,1,7,1,53.93968852562525,OK,540.9,625.99,307.44,1644481602.0
820,0,2,2,9,2,21.817948043376546,OK,625.76,650.86,313.9,1383836996.0
821,1,1,2,10,2,33.27316008529263,OK,530.89,611.48,293.5,1939378684.0
822,3,1,2,13,2,77.41661677708484,OK,544.85,637.45,304.19,2246029648.0
823,0,1,2,6,2,24.188191343145437,OK,537.01,671.26,292.76,1918339812.0
824,0,2,2,22,2,33.698509613061866,OK,630.51,633.95,326.71,1394744390.0
825,3,1,2,12,2,63.66564857011898,OK,519.98,660.91,271.86,2102440474.0
826,0,1,2,13,2,31.2652285854171,OK,543.46,603.11,289.81,1938316994.0
827,1,2,2,3,2,19.12638586172554,OK,632.27,650.89,312.57,1383727004.0
828,0,1,2,3,2,23.641834449319845,OK,523.67,650.01,289.1,1918373566.0
829,3,1,1,13,1,32.44502043604926,TIMING,551.69,644.17,inf,inf
830,3,1,2,2,2,28.171884827079186,OK,551.69,600.58,288.63,1938386170.0
831,3,2,1,10,1,57.23277518544456,OK,635.19,654.05,384.32,1224130292.0
832,1,2,2,10,2,39.24872652404123,OK,614.52,655.68,311.96,1394839548.0
833,1,2,2,17,2,72.39984533909517,OK,620.98,625.21,332.81,1500860952.0
834,1,2,2,0,2,91.27532176247271,OK,656.76,645.88,367.95,1880564674.0
835,3,1,2,2,2,19.068269772196157,OK,531.32,671.17,296.28,1917826188.0
836,3,1,2,8,2,23.487170436137887,OK,519.57,644.23,279.6,1918237154.0
837,0,2,2,4,2,16.828163839134056,OK,623.33,686.56,311.87,1383737712.0
838,1,2,1,17,1,62.87837205918249,OK,642.02,645.34,338.69,1262890376.0
839,1,1,2,10,2,29.553711578341936,OK,539.33,627.56,286.42,1938299976.0
840,2,1,1,8,1,57.08296058664084,OK,535.53,659.08,325.01,1646197154.0
841,1,2,2,20,2,80.9526062657888,OK,636.16,631.15,353.88,1673959550.0
842,1,2,2,23,2,44.61084847409747,OK,637.93,620.98,295.2,1407278902.0
843,0,2,2,24,2,55.64727236435473,OK,619.14,643.42,307.28,1440968170.0
844,3,1,1,8,1,56.52194736951913,OK,553.27,668.97,319.24,1646111508.0
845,0,2,2,5,2,22.81759882222608,OK,632.88,638.13,293.58,1383808784.0
846,1,1,2,12,2,31.886852067769645,OK,530.99,608.29,287.04,1938305694.0
847,1,1,2,19,2,54.238105153898594,OK,531.16,659.49,288.32,2026982294.0
848,0,1,1,19,1,61.00480527517909,OK,531.3,629.85,304.7,1704148966.0
849,2,2,2,20,2,22.54705288829055,OK,628.53,683.49,294.64,1383865618.0
850,3,1,2,5,2,42.41924281664181,OK,531.05,632.77,281.58,1961331366.0
851,0,2,2,26,2,92.98015128169264,OK,635.45,648.09,374.4,1880518334.0
852,1,1,2,0,2,11.149922787885558,OK,546.76,666.73,288.43,1897280984.0
853,2,1,1,1,1,100.0,OK,551.75,623.13,322.15,1674939388.0
854,3,2,2,27,2,100.0,PE?,inf,inf,inf,inf
855,0,2,2,21,2,33.513164100407565,OK,637.79,611.87,286.79,1394758176.0
856,1,2,1,10,1,38.52388497693544,OK,624.23,611.51,361.55,1192532466.0
857,0,1,2,5,2,77.1935310921256,OK,531.18,638.8,297.52,2244960048.0
858,1,2,2,1,2,53.16644068073882,OK,621.27,681.57,313.81,1429418092.0
859,0,1,2,18,2,25.44445421328546,OK,541.77,603.38,293.85,1938336754.0
860,0,1,1,16,1,33.81979835535384,TIMING,542.78,650.01,inf,inf
861,2,1,2,23,2,19.908179030535443,OK,525.59,694.78,276.38,1917855748.0
862,1,1,1,1,1,64.14735077448923,OK,547.47,658.59,297.03,1722096848.0
863,0,2,2,2,2,46.679639351047896,OK,642.62,651.26,291.81,1407826036.0
864,3,2,2,25,2,90.71138619572616,OK,673.26,695.73,378.67,1880551740.0
865,0,1,2,4,2,25.135830252751823,OK,518.79,671.85,267.61,1938389896.0
866,1,2,2,20,2,90.84090479102397,OK,642.59,671.4,362.99,1880552676.0
867,3,1,1,0,1,53.749749619575546,OK,538.9,601.04,297.43,1644574654.0
868,0,1,2,10,2,55.894633708861804,OK,538.93,650.79,293.58,2027200670.0
869,3,1,1,1,1,52.75040416714393,OK,529.41,599.22,317.16,1646063002.0
870,1,2,2,14,2,19.085288907051567,OK,650.82,643.31,307.82,1383736010.0
871,3,2,2,24,2,72.15943643971056,OK,633.42,646.5,311.48,1500872358.0
872,0,2,2,23,2,22.226772896886704,OK,649.77,636.09,292.34,1383785854.0
873,1,1,1,4,1,65.02730049763042,OK,540.09,647.55,302.25,1737364504.0
874,0,2,2,8,2,18.227291868640314,OK,639.07,641.94,307.85,1383666734.0
875,0,2,2,3,2,57.32699808749317,OK,628.69,621.6,306.88,1445348668.0
876,3,1,2,27,2,68.9513541079712,OK,533.36,629.65,282.37,2103633536.0
877,0,1,1,16,1,100.0,OK,523.25,654.53,321.84,1674878338.0
878,1,2,2,2,2,28.901367903363205,OK,643.55,638.64,318.89,1393686660.0
879,0,1,2,20,2,60.24528079987827,OK,542.38,595.46,305.14,2080311998.0
880,3,1,1,16,1,53.22272702150509,OK,525.76,616.74,331.12,1646000594.0
881,2,2,2,15,2,34.4001964490708,OK,651.53,658.33,292.66,1394830270.0
882,3,2,2,12,2,37.71123537037033,OK,631.94,656.2,300.6,1394867566.0
883,2,1,1,21,1,54.35079581929858,OK,563.64,640.96,328.06,1644724522.0
884,1,1,2,14,2,32.939460120062215,OK,563.64,612.39,283.08,1939319306.0
885,0,2,2,25,2,57.25026791072679,OK,651.34,639.07,302.43,1445344710.0
886,2,2,2,11,2,66.15374085073663,OK,640.59,635.24,320.91,1499678554.0
887,3,2,2,22,2,50.78544696511265,OK,647.72,645.57,287.23,1428520082.0
888,3,2,2,7,2,42.06154507969839,OK,615.24,642.69,325.44,1405963942.0
889,2,2,2,12,2,96.57324297935625,OK,661.9,681.2,364.2,1870725900.0
890,2,1,1,17,1,55.25620821247046,OK,528.13,648.79,319.06,1644636572.0
891,0,1,2,18,2,77.34905533860686,OK,525.53,643.65,301.78,2245980534.0
892,3,1,2,11,2,36.25047529537999,OK,534.8,618.34,272.77,1939359660.0
893,0,2,2,17,2,32.59526615301787,OK,615.38,654.41,298.26,1393814380.0
894,3,1,2,10,2,75.18233441668505,OK,553.13,646.43,285.17,2239166500.0
895,0,2,2,14,2,65.46363800607931,OK,627.72,631.08,313.49,1499184134.0
896,3,2,2,20,2,18.449014407369425,OK,631.27,634.38,287.42,1383729116.0
897,2,2,2,25,2,75.16071767183206,OK,632.6,670.54,327.24,1568952806.0
898,0,1,2,4,2,22.905462666354314,OK,526.01,673.15,279.2,1917799414.0
899,3,2,2,21,2,67.36369106832683,OK,648.34,614.09,319.83,1499748364.0
900,2,2,2,4,2,75.36677473161662,OK,649.78,648.87,333.46,1568977602.0
901,1,1,2,16,2,61.97162445543648,OK,551.04,676.4,282.52,2100799718.0
902,2,2,2,0,2,38.75074421587343,OK,625.59,622.86,311.3,1394943322.0
903,1,1,1,6,1,60.395940998614314,OK,554.18,680.41,308.21,1646816320.0
904,0,2,2,24,2,89.17981751149907,OK,632.34,633.76,344.29,1870599408.0
905,2,1,2,7,2,12.005343197700268,OK,539.1,629.78,276.73,1897373242.0
906,0,1,2,27,2,84.69764098253216,OK,534.19,616.69,328.45,2543528878.0
907,0,2,2,12,2,41.03649511597213,OK,615.37,642.94,295.37,1405944396.0
908,3,2,1,19,1,65.00620674515275,OK,636.58,650.74,364.07,1271948604.0
909,2,1,2,27,2,15.8064931495143,OK,543.5,634.92,285.21,1917380304.0
910,1,1,1,21,1,60.47625052649961,OK,543.92,664.15,297.44,1646901924.0
911,3,1,1,0,1,53.44971910292515,OK,533.0,638.27,329.39,1646101568.0
912,1,2,2,22,2,81.15270214286014,OK,640.07,641.21,348.85,1674083820.0
913,0,1,1,10,1,67.03310248651009,TIMING,564.77,637.52,inf,inf
914,2,2,2,13,2,38.961168597551975,OK,650.49,666.95,288.08,1394805262.0
915,0,2,2,19,2,63.15932362992043,OK,669.55,625.25,318.09,1494683044.0
916,2,1,1,26,1,48.97931987138603,OK,565.65,645.64,302.88,1644577688.0
917,0,2,2,11,2,38.480926009788305,OK,622.06,653.89,293.17,1394895186.0
918,2,1,2,20,2,37.02126466914836,OK,551.09,615.24,283.27,1939503656.0
919,2,2,2,26,2,60.841845469637754,OK,622.81,636.82,304.63,1473264710.0
920,2,1,2,11,2,33.347825308039035,OK,551.09,641.32,286.99,1939334070.0
921,1,2,2,7,2,31.91599149757028,OK,642.48,623.1,307.66,1393739540.0
922,0,2,2,21,2,64.70266905845922,OK,619.33,660.19,316.85,1498112298.0
923,2,1,2,12,2,18.702842975505597,OK,532.97,664.29,287.06,1917838692.0
924,3,2,2,17,2,47.164869488090595,OK,642.27,629.97,294.9,1418326088.0
925,1,2,2,23,2,46.615537941748286,OK,656.63,649.99,298.56,1407890402.0
926,1,2,1,10,1,32.190780126678916,TIMING,642.64,616.81,inf,inf
927,1,1,2,7,1,15.758441349688844,TIMING,550.96,664.0,inf,inf
928,0,1,2,6,2,33.37411887291968,OK,550.96,613.12,284.38,1939394096.0
929,1,1,1,25,1,26.45894797182773,OK,572.28,639.53,297.65,1563679564.0
930,1,1,2,9,2,18.605927573993597,OK,572.28,672.63,277.86,1917918676.0
931,0,2,2,24,2,68.16418186554199,OK,627.56,616.63,307.83,1497249534.0
932,1,1,2,11,2,47.463917260530486,OK,571.77,666.53,272.55,1983953728.0
933,3,2,2,24,2,87.43219566778946,OK,634.46,623.55,362.83,1870541780.0
934,1,2,2,1,2,24.05369678726079,OK,620.99,630.47,292.07,1383703670.0
935,3,1,2,7,2,47.1554511347399,OK,533.52,665.14,282.29,1983881906.0
936,1,2,2,23,2,33.071161406606244,OK,629.35,683.92,304.27,1394651694.0
937,0,2,2,5,2,40.88021474249667,OK,635.8,656.95,303.21,1405882920.0
938,0,2,2,10,2,45.796017647416946,OK,611.51,662.16,298.76,1407707174.0
939,1,1,2,21,2,36.23869838366811,OK,553.73,625.19,262.62,1939410582.0
940,1,1,2,23,2,30.303805148406227,OK,549.3,602.78,297.32,1938337858.0
941,3,1,2,19,2,55.828245079059236,OK,524.14,661.57,286.67,2027294272.0
942,0,2,2,1,2,52.84838200662141,OK,626.03,628.8,307.65,1429499342.0
943,1,1,2,10,2,45.06597628954426,OK,536.27,612.5,278.05,1963469958.0
944,2,1,1,23,1,62.58200706381135,OK,538.37,631.25,318.0,1721423566.0
945,0,2,2,5,2,23.121054431106547,OK,626.67,622.85,303.06,1383697234.0
946,3,1,1,1,1,54.16557895410745,OK,566.15,670.57,314.28,1644499616.0
947,0,1,2,0,2,23.948318371991636,OK,566.15,670.9,288.46,1918349072.0
948,2,2,1,1,1,76.8118974304583,TIMING,666.05,630.89,inf,inf
949,1,2,2,6,2,38.27968866890104,OK,645.56,643.71,303.72,1394962508.0
950,1,1,1,19,1,61.85446226531742,OK,539.06,625.26,323.5,1721086780.0
951,0,1,1,16,1,49.035254253000716,OK,521.51,637.97,321.82,1645249340.0
952,3,2,2,21,2,34.501935783103335,OK,631.23,657.37,309.36,1394920640.0
953,0,2,2,17,2,47.6157214309557,OK,640.59,641.57,299.18,1418343788.0
954,3,1,2,1,2,28.315906678539616,OK,525.0,648.03,281.83,1938305484.0
955,3,1,2,17,2,22.004828985121495,OK,527.62,663.02,297.63,1917822080.0
956,1,1,2,16,2,30.61747571869664,OK,541.4,635.46,285.45,1938241398.0
957,3,2,2,22,2,77.8822023310362,OK,640.23,645.16,343.9,1576488606.0
958,0,2,1,21,1,65.13564669054736,OK,627.39,632.42,361.04,1271960044.0
959,1,1,2,1,2,12.632096890312338,OK,543.52,671.61,283.61,1897280464.0
960,2,2,2,27,2,90.15330992542192,OK,643.51,636.15,352.65,1880570440.0
961,3,1,1,8,1,52.26515181266511,TIMING,548.4,636.14,inf,inf
962,0,1,2,5,2,13.681872805419937,OK,531.62,661.14,287.64,1917329702.0
963,0,2,2,22,2,67.9037298958449,OK,655.33,664.86,319.7,1497054972.0
964,1,2,2,23,2,65.15153660337474,OK,650.29,662.19,310.03,1498649392.0
965,0,2,1,10,1,53.51784961738644,OK,633.42,625.92,345.56,1223382698.0
966,1,2,2,27,2,40.75532160562727,OK,608.52,638.25,294.61,1405960316.0
967,0,2,2,21,2,58.574056170503454,OK,624.88,654.16,317.66,1458494916.0
968,0,2,2,4,2,75.25566077841074,OK,660.56,649.31,345.15,1568956708.0
969,2,1,2,13,2,32.19238977158092,OK,528.43,661.68,278.96,1938347102.0
970,1,1,1,9,1,57.0045193054478,OK,541.53,669.1,298.56,1646080356.0
971,2,2,2,0,2,33.97951994846136,OK,638.5,632.05,305.49,1394804020.0
972,1,2,2,7,2,44.63968129250077,OK,620.34,623.48,288.92,1407306006.0
973,0,2,2,4,2,20.022649989737673,OK,623.1,624.82,291.93,1383722176.0
974,1,2,2,1,2,28.883417847897398,OK,626.71,615.69,310.43,1393814506.0
975,3,2,2,14,2,24.664867359787547,OK,634.74,639.72,303.87,1393772906.0
976,3,1,2,27,2,20.909069005870172,OK,542.71,619.73,282.71,1917835528.0
977,1,2,2,9,2,71.02216208952203,OK,639.11,679.43,332.53,1510789582.0
978,3,2,1,15,1,55.26800357619619,OK,629.07,615.82,358.32,1223414334.0
979,0,1,2,18,2,84.87982004140733,OK,554.68,607.09,312.7,2543492686.0
980,1,2,2,19,2,77.8171050476519,OK,625.0,623.16,337.82,1576427042.0
981,0,1,2,27,2,30.81466604583921,OK,521.81,649.59,294.75,1938301584.0
982,3,1,2,14,2,11.14724655925694,OK,535.09,626.25,286.14,1897272134.0
983,1,2,1,14,1,57.390740104582385,OK,648.8,642.82,342.62,1224244578.0
984,1,1,1,16,1,54.06500908103576,OK,521.28,666.8,310.59,1644520274.0
985,1,1,2,13,2,13.657885563450895,OK,529.1,664.31,281.84,1917210962.0
986,0,2,2,15,2,40.09629053141194,OK,638.81,636.88,292.87,1405881514.0
987,0,11,0,5,0,78.28902026848728,PE4,inf,inf,inf,inf
988,3,2,2,1,2,18.746445477638673,OK,638.81,624.04,293.69,1383672816.0
989,1,2,1,2,1,62.255231755257235,OK,626.57,631.64,360.94,1262559784.0
990,0,2,2,8,2,41.571451128681645,OK,630.92,628.22,307.83,1405873152.0
991,0,1,1,26,1,26.823527976365114,OK,536.57,668.28,312.87,1563663126.0
992,3,2,1,25,1,53.78669032669533,OK,621.57,648.09,337.77,1223322364.0
993,2,2,1,17,1,53.277429369435026,OK,653.64,638.54,344.92,1224044438.0
994,1,1,2,16,2,26.209153623301383,OK,530.73,648.87,279.69,1938336322.0
995,1,1,2,12,2,58.51936102058695,OK,531.01,650.85,298.15,2031440364.0
996,2,2,2,11,2,31.79707741486839,OK,640.68,685.24,312.99,1393688394.0
997,0,2,2,15,2,62.503659399412136,OK,647.86,640.28,327.56,1494739054.0
998,2,1,1,15,1,56.53966924119316,OK,563.43,641.86,307.42,1646094006.0
999,0,2,2,9,2,28.550707969610368,OK,618.54,645.13,291.81,1393764742.0
1000,2,1,2,9,2,61.15626180037411,OK,563.5,645.32,267.46,2080274054.0
1001,1,1,1,15,1,58.630837599726895,OK,537.69,661.59,346.96,1660770774.0
1002,1,2,2,9,2,61.84600824231594,OK,627.54,635.45,306.56,1483808362.0
1003,1,2,1,19,1,53.76137837411746,OK,632.96,648.15,349.13,1223385206.0
1004,3,1,1,15,1,10.857459340906042,TIMING,522.27,604.53,inf,inf
1005,0,1,2,5,2,24.20714101253556,OK,526.83,667.03,288.17,1918331770.0
1006,1,1,2,19,2,46.689468927910674,OK,539.73,637.73,286.08,1963363652.0
1007,0,2,2,20,2,71.22421391696001,OK,640.37,644.9,338.69,1510723340.0
1008,1,1,1,11,0,30.941328071088325,TIMING,532.73,657.61,inf,inf
1009,3,2,2,22,2,94.36380978792467,OK,663.9,634.45,372.85,1870633218.0
1010,1,1,2,19,2,71.75145698096519,OK,548.75,639.58,286.58,2107339282.0
1011,3,2,2,2,2,42.99167357658051,OK,618.42,647.04,320.89,1405943566.0
1012,1,2,1,13,1,63.8813780913693,OK,664.29,656.65,373.71,1263625928.0
1013,2,2,2,14,2,66.38126792099675,OK,651.97,632.81,318.85,1499704670.0
1014,0,2,2,2,2,48.790410959868765,OK,657.94,632.76,303.74,1428468790.0
1015,3,2,2,24,2,48.50245383903433,OK,619.83,634.51,285.39,1428465022.0
1016,1,1,2,14,2,19.537413242385384,OK,536.21,662.7,283.2,1917801506.0
1017,3,1,2,3,2,14.073129111361649,OK,528.55,606.09,283.46,1917220528.0
1018,1,2,2,3,2,24.893001445051144,OK,641.99,616.64,293.89,1393736546.0
1019,0,1,2,3,2,64.48367489315136,OK,528.12,662.46,281.6,2104615732.0
1020,3,2,2,27,2,72.70461657311651,OK,641.79,658.86,318.7,1543378962.0
1021,1,2,2,2,2,39.26214467947353,OK,617.88,634.55,310.08,1394930780.0
1022,0,2,2,15,2,22.22866894259604,OK,640.7,655.58,303.9,1383802966.0
1023,0,2,2,2,2,43.64707491120798,OK,650.75,632.4,302.38,1407003870.0
1024,2,2,2,21,2,25.909681140489027,OK,613.99,644.15,292.73,1393748030.0
1025,2,2,1,21,1,52.44341594159858,OK,637.37,584.05,327.82,1224078964.0
1026,0,1,2,27,2,23.527511783009857,OK,552.87,666.55,283.38,1918342094.0
1027,3,2,2,18,2,17.819169907612185,OK,639.52,624.03,291.79,1383829468.0
1028,1,1,2,10,2,27.58031016122311,OK,553.11,620.91,287.62,1938394872.0
1029,2,1,1,15,1,54.27772044739647,OK,537.49,645.55,313.06,1644700586.0
1030,0,1,1,3,0,23.74035508578027,TIMING,516.97,606.8,inf,inf
1031,1,2,1,10,1,52.36215614919817,OK,631.41,663.95,333.13,1223991448.0
1032,0,2,2,25,2,59.94740914619954,OK,618.24,661.23,301.83,1473315320.0
1033,3,2,2,6,2,28.464351065755224,OK,629.79,617.67,302.49,1393749916.0
1034,1,1,1,17,1,56.20804153795073,OK,538.07,648.47,302.73,1644721620.0
1035,3,2,2,1,2,73.00268895122932,OK,647.34,667.6,312.59,1557442514.0
1036,3,1,2,8,2,35.51576020801478,OK,549.6,629.12,278.74,1939361718.0
1037,1,2,2,21,2,34.85035928785686,OK,633.17,657.16,298.18,1394849080.0
1038,3,2,2,13,2,73.49632557584663,OK,649.23,627.31,318.83,1557481332.0
1039,1,1,2,15,2,31.39088821656564,OK,542.08,629.57,293.06,1938261954.0
1040,1,2,2,24,2,56.87557481273829,OK,633.88,610.31,299.49,1445350686.0
1041,1,2,2,5,2,55.31281811141181,OK,637.28,654.55,313.79,1441033942.0
1042,3,2,2,6,2,71.76905403362004,OK,620.21,661.67,317.84,1500733696.0
1043,2,1,1,11,1,65.47733881898537,OK,550.16,608.08,308.1,1737282122.0
1044,0,2,2,5,2,45.317907421381484,OK,629.33,610.16,295.77,1407789904.0
1045,3,1,2,22,2,46.122332416575276,OK,542.93,639.87,270.35,1963511834.0
1046,3,1,3,7,2,11.710263636722207,TIMING,542.93,646.86,inf,inf
1047,1,1,2,7,2,30.277435781333807,OK,523.45,681.62,302.69,1938289740.0
1048,2,2,2,13,2,85.57977343280199,OK,646.88,619.15,363.0,1870664856.0
1049,2,1,1,10,1,65.13897081969859,OK,559.22,640.48,298.35,1737371350.0
1050,1,1,1,18,1,53.21332582400324,OK,559.49,627.46,318.11,1646050036.0
1051,3,1,1,16,1,55.25098912136167,OK,529.2,604.03,316.89,1644630036.0
1052,3,2,2,10,2,19.228997490256226,OK,653.15,642.42,303.5,1383793614.0
1053,2,1,1,6,1,58.14497055814311,OK,518.82,616.63,309.29,1646779216.0
1054,3,1,2,1,2,74.78087451098492,OK,518.04,628.92,287.03,2218457622.0
1055,1,1,1,15,1,60.65257650081398,OK,540.51,672.75,302.17,1646934004.0
1056,0,1,2,6,2,29.7180648259324,OK,541.3,636.14,300.83,1938290262.0
1057,0,2,2,11,2,47.706613478838214,OK,657.75,712.91,313.54,1418332458.0
1058,0,2,2,12,2,18.0884967268635,OK,629.26,637.76,297.98,1383708142.0
1059,2,2,2,3,2,49.53434892829554,OK,648.53,618.75,281.56,1428395754.0
1060,1,1,2,25,2,91.08267686941674,OK,542.47,653.15,319.95,2564788844.0
1061,3,2,2,24,2,69.00635286843946,OK,641.41,643.35,328.36,1497215514.0
1062,2,2,2,23,2,37.280666706591745,OK,615.32,633.69,302.8,1394843946.0
1063,3,1,2,7,2,48.222169426391574,OK,544.99,675.77,269.83,1984007116.0
1064,1,2,2,7,2,20.65824381931303,OK,616.69,617.42,308.01,1383687002.0
1065,3,2,2,11,2,47.03057509710202,OK,642.01,622.23,285.81,1418261496.0
1066,3,2,1,15,1,59.35067608756227,OK,646.11,637.26,353.99,1231244634.0
1067,3,2,2,20,2,86.61155617480674,OK,636.01,643.48,357.4,1870590940.0
1068,1,1,1,20,1,53.154587815166096,OK,524.22,637.63,303.05,1646084228.0
1069,3,2,2,7,2,36.184274634099026,OK,638.99,671.24,303.38,1394824288.0
1070,3,1,2,21,2,51.317469598108545,OK,527.12,637.87,275.99,2004969318.0
1071,0,1,2,17,2,19.88967900903546,OK,522.34,626.9,274.67,1917877080.0
1072,0,1,2,14,2,23.650278879367626,OK,521.64,664.84,276.46,1918267274.0
1073,2,2,2,26,2,83.25988050755998,OK,646.57,661.31,348.14,1779849508.0
1074,3,1,1,25,1,57.417569991950735,OK,544.83,603.06,303.14,1646106926.0
1075,2,2,1,18,1,62.36028472584946,OK,626.02,626.33,332.56,1262908570.0
1076,2,2,2,4,2,68.68188955951996,OK,623.05,642.84,316.85,1497243852.0
1077,0,1,1,22,1,64.1882848214948,OK,526.19,607.02,309.09,1721965884.0
1078,2,1,1,8,1,54.10643655768137,OK,534.84,622.27,307.44,1644633486.0
1079,0,2,2,12,2,43.532787048421675,OK,622.08,590.39,297.55,1406816112.0
1080,2,2,2,0,2,51.27654325991908,OK,632.32,637.96,303.47,1428409310.0
1081,3,2,2,20,2,47.833227382607,OK,622.41,615.39,299.45,1418289624.0
1082,0,2,2,17,2,61.88974568284134,OK,629.9,639.48,314.37,1483681960.0
1083,3,1,2,9,2,53.209182735635395,OK,542.06,656.66,284.6,2005056832.0
1084,3,2,1,25,1,59.05326059730628,TIMING,624.77,617.63,inf,inf
1085,1,2,2,9,2,20.095497637463936,OK,646.65,651.17,286.7,1383670760.0
1086,2,1,2,7,2,53.207030796305155,OK,528.11,657.66,289.02,2004964712.0
1087,2,1,2,13,2,13.600520132038119,OK,556.34,662.93,283.77,1917250166.0
1088,2,1,1,25,1,56.206269592771655,OK,527.84,624.4,305.4,1644723468.0
1089,2,1,1,21,1,63.2882561976566,OK,543.92,604.76,308.52,1721297472.0
1090,3,2,2,20,2,17.840852304193454,OK,635.27,689.3,299.48,1383682772.0
1091,1,2,2,15,2,70.07161563527882,OK,624.56,630.2,317.61,1499824850.0
1092,0,1,1,6,1,73.18702329195375,TIMING,543.18,649.72,inf,inf
1093,0,2,2,27,2,81.01522011947085,OK,655.31,633.14,356.36,1674050466.0
1094,1,1,2,17,2,30.31499794324778,OK,552.33,674.29,292.17,1938333236.0
1095,0,2,2,7,2,60.37635670194066,OK,638.77,611.74,327.85,1473237436.0
1096,2,1,1,12,1,53.40148678848301,OK,552.93,633.51,313.34,1645984232.0
1097,0,2,2,7,2,28.312588557705425,OK,632.13,634.22,313.3,1393678348.0
1098,3,1,1,9,1,69.9468189153185,OK,533.61,652.17,326.41,1742830864.0
1099,1,1,2,26,2,19.771995679697895,OK,537.72,669.13,273.0,1917857614.0
1100,2,2,1,11,1,52.782802287509924,OK,624.73,643.36,334.41,1224056838.0
1101,1,2,2,13,2,97.17878473154103,OK,626.2,641.76,367.95,1870572134.0
1102,3,1,1,5,1,52.950594985578526,OK,540.14,660.3,307.69,1646019068.0
1103,2,1,1,3,1,100.0,OK,534.64,674.24,313.77,1674881144.0
1104,0,1,2,2,2,31.46793892982618,OK,538.69,653.34,293.06,1938245566.0
1105,1,1,2,19,2,66.1117067564451,OK,530.55,648.13,277.0,2106100136.0
1106,1,1,2,12,2,91.2294017140664,OK,534.31,650.84,322.58,2564829534.0
1107,2,2,2,13,2,21.774086992137136,OK,630.69,622.66,300.59,1383699464.0
1108,1,1,1,22,1,62.84098241141699,OK,536.99,662.43,313.3,1721428018.0
1109,0,2,2,1,2,43.71176411109891,OK,619.6,647.8,297.16,1406927778.0
1110,1,1,2,14,2,43.51903033351989,OK,541.27,630.93,289.06,1962408746.0
1111,1,1,1,9,1,100.0,OK,532.17,657.97,333.31,1674932414.0
1112,0,1,1,4,1,20.56098218985769,OK,540.31,667.13,333.83,1549568706.0
1113,2,1,2,11,2,12.166291564925501,OK,570.71,626.42,276.65,1897332666.0
1114,1,1,1,15,1,39.95818012219695,TIMING,571.31,677.82,inf,inf
1115,1,2,2,9,2,17.808268320207777,OK,632.08,615.98,291.86,1383812844.0
1116,3,2,2,8,2,22.008365405720554,OK,628.55,610.81,303.98,1383680876.0
1117,3,2,1,14,1,57.166087682554966,OK,633.45,658.25,363.3,1224161712.0
1118,2,1,2,14,2,58.922441245593596,OK,557.15,637.45,286.46,2074665078.0
1119,1,1,2,9,2,20.109275581505294,OK,558.4,637.11,286.84,1917795942.0
1120,1,2,2,9,2,76.76172043806854,OK,631.31,661.92,323.24,1573695436.0
1121,3,2,2,23,2,43.72849900030682,OK,627.7,683.02,287.66,1406844086.0
1122,0,1,2,7,2,46.42746667865424,OK,544.08,651.86,273.45,1963405164.0
1123,1,1,1,12,1,64.97113719344397,OK,551.07,602.46,303.27,1737286538.0
1124,0,1,1,4,1,21.926134560523238,OK,524.09,631.13,317.41,1549565452.0
1125,3,1,1,23,1,58.59703831358553,OK,540.19,663.5,343.15,1660817790.0
1126,2,1,1,14,1,52.90441783712716,OK,522.44,645.25,306.88,1646010118.0
1127,2,2,2,12,2,35.187961756941824,OK,632.62,661.0,309.05,1394852772.0
1128,2,1,2,22,2,49.8322537273053,OK,541.42,670.41,262.15,2004034334.0
1129,1,1,2,27,2,18.598111468666435,OK,556.23,650.92,276.45,1917845276.0
1130,3,2,2,6,2,62.21879390624997,OK,652.22,649.04,311.75,1483777002.0
1131,2,1,1,6,1,62.55642783825203,OK,533.99,639.01,309.29,1721409234.0
1132,3,1,2,8,2,23.11512765698508,OK,556.41,634.89,288.71,1917844930.0
1133,3,1,1,5,1,57.020228482226045,OK,526.0,671.42,302.16,1646028062.0
1134,2,1,2,10,2,95.84504775051442,OK,530.22,639.33,314.39,2543485538.0
1135,0,2,2,11,2,20.162936219325545,OK,640.7,633.45,299.9,1383799666.0
1136,0,2,2,4,2,42.41859387956883,OK,646.47,661.81,302.67,1405964444.0
1137,1,1,2,5,2,77.42964381077117,OK,556.16,664.53,302.65,2246010050.0
1138,1,2,2,23,2,25.175264123582018,OK,613.82,611.97,292.5,1393703478.0
1139,2,2,2,2,2,22.82557329834948,OK,629.61,633.62,298.07,1383701262.0
1140,1,1,1,11,1,56.45353075093017,OK,555.54,640.32,304.66,1646133642.0
1141,3,2,2,11,2,46.02304199019296,OK,633.53,644.25,296.76,1407841150.0
1142,3,2,2,19,2,69.70075988386633,OK,628.22,680.52,312.39,1499723280.0
1143,1,1,2,24,2,34.21267437047856,OK,543.16,637.52,276.76,1939360818.0
1144,0,2,2,4,2,62.55168153193542,OK,629.41,645.65,329.3,1494567824.0
1145,1,2,2,6,2,73.20650410843892,OK,629.01,638.72,316.73,1557572004.0
1146,2,2,1,20,1,61.48478053090469,OK,629.74,659.49,337.55,1262505510.0
1147,2,2,2,4,2,69.36340406952898,OK,647.49,610.85,326.63,1497245034.0
1148,0,2,2,4,2,53.29012771347671,OK,655.48,663.92,308.32,1429469208.0
1149,3,1,2,27,2,40.97566102387873,OK,547.68,632.44,277.36,1960924640.0
1150,2,2,2,0,2,56.70705121913598,OK,625.96,611.86,308.91,1442213802.0
1151,0,1,2,20,2,26.982861316385296,OK,548.26,620.03,286.71,1938317716.0
1152,0,1,1,2,1,30.078563696055348,OK,528.91,641.44,293.19,1578336284.0
1153,3,1,2,14,2,66.07664925803425,OK,521.8,671.47,297.64,2106117196.0
1154,1,1,2,5,2,49.81370219547625,OK,567.19,662.74,266.44,2003994170.0
1155,1,1,2,16,2,42.99946104458917,OK,567.73,627.85,289.88,1961391818.0
1156,2,1,2,15,2,95.89248722831003,OK,567.71,651.49,307.4,2543501010.0
1157,1,2,2,12,2,53.786586699273556,OK,619.21,634.21,318.11,1440966938.0
1158,1,2,2,18,2,44.11576957267944,OK,617.59,645.79,298.05,1406888266.0
1159,0,1,2,16,2,89.56977848402725,OK,558.4,559.91,317.92,2543550734.0
1160,2,1,1,22,1,57.8340073617731,TIMING,558.4,641.27,inf,inf
1161,2,2,2,25,2,91.26461727954927,OK,645.73,660.99,373.09,1880587254.0
1162,1,1,2,12,2,35.07982794135509,OK,540.78,638.74,278.83,1939477110.0
1163,1,2,2,13,2,67.19264592549625,OK,622.09,615.81,318.57,1499701234.0
1164,2,2,2,8,2,91.86854568032315,OK,632.1,668.79,372.68,1880623936.0
1165,2,1,1,3,1,60.45983484322226,OK,535.72,599.4,303.77,1646835392.0
1166,0,2,2,26,2,35.8350149046457,OK,640.07,622.14,289.64,1394876172.0
1167,2,2,1,3,1,65.08739213073622,OK,635.74,623.8,347.31,1271965604.0
1168,3,2,2,25,2,56.81795348261973,OK,640.19,685.17,329.24,1442109034.0
1169,1,1,2,19,2,20.056745914938134,OK,529.45,643.15,284.58,1917933184.0
1170,3,1,1,3,1,57.39263285324938,OK,550.13,654.48,309.05,1646191906.0
1171,1,1,2,12,2,99.56225948171203,OK,527.73,634.49,319.94,2543543496.0
1172,3,1,2,22,2,63.1202155873108,OK,550.73,650.3,279.84,2101965230.0
1173,1,2,1,21,1,53.125506343621055,OK,627.63,652.8,342.86,1224032036.0
1174,0,2,2,26,2,47.48525446409458,OK,666.64,614.22,286.86,1418270930.0
1175,0,2,2,20,2,39.509808803998354,OK,666.45,672.74,293.17,1394912436.0
1176,3,2,2,1,2,29.72191225252209,OK,666.79,607.33,297.65,1393756686.0
1177,1,1,0,27,1,30.566097896158173,TIMING,548.15,676.43,inf,inf
1178,3,1,1,0,1,55.52614860206996,OK,526.44,640.7,313.5,1644640166.0
1179,2,1,2,27,2,22.671158430379535,OK,527.23,664.35,283.79,1917848620.0
1180,0,1,2,14,2,84.42981113393766,OK,557.76,607.7,317.0,2453087762.0
1181,2,1,2,1,2,78.193066320812,OK,532.7,627.69,314.77,2247461412.0
1182,2,2,2,27,2,39.015917602492976,OK,627.97,660.97,297.93,1394895172.0
1183,2,2,2,6,2,72.3469232916804,OK,627.2,691.63,327.34,1500964308.0
1184,0,1,1,6,1,50.333378625904615,OK,535.21,671.18,301.61,1645343324.0
1185,2,1,2,13,2,47.8383264468626,OK,565.37,660.48,283.06,1983975924.0
1186,3,2,1,16,1,55.873261004949214,OK,624.74,641.31,337.99,1223443358.0
1187,2,1,2,10,2,86.64662685257842,OK,565.37,681.02,319.37,2543523884.0
1188,0,2,2,11,2,20.86515026861567,OK,655.82,633.88,312.71,1383767932.0
1189,0,1,2,3,2,71.8668658895333,OK,535.89,667.07,286.84,2107398912.0
1190,2,1,2,7,2,61.94171832605729,OK,533.86,640.48,283.1,2100919676.0
1191,0,2,2,20,2,47.64789308851671,OK,630.27,665.87,299.39,1418346272.0
1192,2,2,2,13,2,38.1266512641964,OK,627.67,629.25,314.74,1394893376.0
1193,3,1,2,7,2,20.097333531190444,OK,526.88,671.89,287.62,1917813628.0
1194,1,2,2,21,2,74.92896227248411,OK,656.22,656.85,327.17,1558897516.0
1195,3,1,2,25,2,22.304250171373525,OK,554.42,661.48,272.61,1917844154.0
1196,1,1,2,4,2,17.08475733285639,OK,554.42,625.12,281.61,1917399482.0
1197,0,2,2,6,2,35.54839804504343,OK,623.76,632.64,297.39,1394907330.0
1198,3,1,2,12,2,16.370812268291836,OK,529.45,672.74,282.12,1917268976.0
1199,0,2,2,18,2,90.14454976677216,OK,630.85,630.58,363.73,1880605688.0
1200,2,2,2,25,2,82.76975145370491,OK,638.54,657.85,353.58,1779850428.0
1201,2,1,2,5,2,94.19618797604355,OK,556.48,639.63,316.11,2543431294.0
1202,1,1,2,24,2,58.82515920595739,OK,549.31,638.67,292.35,2054671044.0
1203,3,2,2,4,2,22.312998958780028,OK,652.08,659.47,293.2,1383765334.0
1204,1,1,2,6,2,31.879146768596044,OK,526.82,659.26,286.88,1938332578.0
1205,2,2,2,25,2,84.56904048553501,OK,632.12,668.53,374.26,1870554394.0
1206,0,1,2,2,2,21.76583804250196,OK,535.5,635.41,305.4,1917907150.0
1207,2,1,1,2,1,100.0,OK,535.31,644.53,323.58,1674885998.0
1208,1,2,2,16,2,39.397482594617905,OK,628.73,595.57,295.41,1394857948.0
1209,1,2,2,0,2,20.302707153525933,OK,624.26,643.16,299.31,1383856306.0
1210,3,2,2,10,2,66.14925771668881,OK,642.62,641.11,318.31,1499647596.0
1211,0,1,2,12,2,20.176336354803475,OK,547.49,658.33,288.97,1917810466.0
1212,3,1,3,26,2,0.30963387596879555,TIMING,528.46,647.42,inf,inf
1213,3,2,2,2,2,41.57810278272313,OK,645.28,632.62,305.43,1405873832.0
1214,3,1,2,23,2,86.87534540219141,OK,534.28,620.7,313.45,2543568578.0
1215,0,1,2,13,2,21.743115431679616,OK,533.33,622.88,271.12,1917873770.0
1216,0,2,2,14,2,24.460286208453326,OK,646.13,640.61,294.05,1383770946.0
1217,1,2,1,18,1,57.16421767313612,OK,660.83,654.05,378.89,1224121210.0
1218,2,2,2,27,2,49.03586659602117,OK,661.52,618.07,290.87,1428389574.0
1219,3,1,2,12,2,82.66931410122953,OK,553.04,643.03,297.91,2452713566.0
1220,1,2,2,16,2,77.06394967820236,OK,637.78,639.25,332.52,1574199586.0
1221,1,1,2,24,2,41.32423950977878,OK,515.62,603.38,274.47,1960989022.0
1222,0,1,2,18,2,58.75064650110809,OK,550.84,643.41,290.25,2054689846.0
1223,2,1,2,14,2,24.208763842441194,OK,550.69,666.81,294.14,1918271244.0
1224,0,1,2,10,2,36.50552159688607,OK,519.32,619.27,272.0,1939430622.0
1225,3,1,2,4,2,68.73782485750714,OK,559.26,650.53,288.84,2103530192.0
1226,3,1,2,0,2,48.9105603501718,OK,559.26,633.1,272.81,1984068856.0
1227,1,2,2,18,2,85.83320810399367,OK,641.87,662.09,384.27,1870630482.0
1228,2,2,2,1,2,18.127807194316205,OK,617.56,630.8,292.9,1383783732.0
1229,1,1,1,22,1,62.35779173268058,OK,553.47,620.76,312.46,1721317948.0
1230,0,1,2,24,2,87.44572576562918,OK,532.35,621.43,315.62,2543526618.0
1231,1,1,2,13,2,48.363080823219676,OK,518.79,644.61,268.95,1984087386.0
1232,2,1,2,1,2,54.27377784882427,OK,548.13,655.41,278.97,2027252218.0
1233,0,1,2,13,2,20.15007732606663,OK,578.65,663.56,278.45,1917794786.0
1234,3,1,1,10,1,54.3871306665649,TIMING,552.55,642.33,inf,inf
1235,0,1,2,14,2,44.547406586053974,OK,578.64,605.22,268.48,1962824694.0
1236,1,1,2,13,2,19.05737657336291,OK,552.72,639.34,284.25,1917814820.0
1237,1,2,2,11,2,59.09922552199664,OK,651.2,638.54,313.07,1472339350.0
1238,0,2,2,21,2,68.49329348333575,OK,624.54,612.89,311.23,1497239384.0
1239,1,2,1,14,1,62.07022140008077,OK,651.19,632.79,356.92,1262587814.0
1240,3,1,2,10,2,32.01591253705103,OK,530.39,671.55,293.23,1938338432.0
1241,0,1,2,22,2,72.21855019176273,OK,522.98,663.46,286.46,2107443460.0
1242,1,1,1,18,1,60.02221553068983,OK,540.04,644.0,309.13,1646784154.0
1243,1,2,2,0,2,74.09033454657444,OK,657.76,705.54,318.11,1557944628.0
1244,1,1,1,13,1,53.748479659670465,OK,521.84,653.9,297.65,1644545150.0
1245,2,2,2,7,2,34.69194586427907,OK,621.44,644.18,307.79,1394897142.0
1246,1,1,1,17,1,62.18588585438442,OK,541.68,666.77,329.67,1720955072.0
1247,0,1,1,24,1,52.61076001857528,OK,528.79,640.24,312.39,1646037146.0
1248,1,1,2,26,2,27.910773159981495,OK,541.86,615.03,288.68,1938261778.0
1249,1,2,2,12,2,75.54858184669061,OK,640.59,663.82,325.87,1570804834.0
1250,1,2,2,5,2,92.1508038030076,OK,640.45,681.9,378.46,1880585720.0
1251,3,2,2,10,2,98.56055692483278,OK,647.68,652.38,374.75,1870568228.0
1252,3,2,2,8,2,23.550211090316285,OK,646.45,615.25,297.6,1383812070.0
1253,2,2,2,22,2,98.2601175917847,OK,629.49,634.05,367.61,1870664034.0
1254,3,2,1,15,1,55.166308615350744,OK,650.17,641.68,367.27,1223490768.0
1255,1,2,2,18,2,65.77022002991443,OK,630.92,696.64,323.1,1499055740.0
1256,1,2,2,10,2,48.981565260195325,OK,641.09,620.83,291.9,1428390222.0
1257,3,1,1,16,1,59.279891894675174,OK,537.19,634.23,312.06,1660793194.0
1258,3,2,2,8,2,62.385617792313056,OK,633.3,648.85,318.91,1494700818.0
1259,3,2,2,8,2,39.519285960736816,OK,632.31,667.86,292.49,1394926316.0
1260,2,2,2,15,2,64.50257212851913,OK,627.19,642.47,322.84,1498228714.0
1261,1,2,2,15,2,70.02274851865778,OK,652.04,623.83,322.98,1499838644.0
1262,3,1,2,9,2,12.819916307257017,OK,533.53,638.72,283.65,1917272682.0
1263,0,2,2,18,2,69.9169066028934,OK,650.76,674.62,313.59,1499798354.0
1264,3,2,2,3,2,17.380391976669085,OK,613.83,658.94,297.44,1383820858.0
1265,3,2,2,16,2,75.26529192047985,OK,654.27,654.96,338.52,1568978562.0
1266,3,2,2,14,2,54.375937045591094,OK,636.93,637.7,311.9,1441060504.0
1267,1,1,1,23,1,55.836373829511665,OK,555.61,591.49,303.52,1644677406.0
1268,2,1,1,1,1,62.06690585331385,OK,555.68,639.92,329.45,1721067638.0
1269,1,1,1,20,1,52.755794222451335,OK,571.34,624.07,323.43,1646018036.0
1270,1,2,1,11,1,55.41083481915807,OK,650.29,614.35,348.38,1223367318.0
1271,3,2,1,23,1,61.09731027902292,OK,637.41,666.25,369.41,1253797334.0
1272,3,2,2,8,2,41.48257226015657,OK,647.95,691.6,313.49,1405931010.0
1273,1,2,2,15,2,18.07655805524734,OK,640.51,625.17,299.02,1383781394.0
1274,3,2,2,24,2,57.58639559891354,OK,623.95,653.78,311.92,1445334444.0
1275,0,2,2,4,2,28.638076555231983,OK,620.26,668.54,312.96,1393781652.0
1276,3,1,2,13,2,17.302366978083093,OK,543.68,555.19,292.93,1917279150.0
1277,0,1,2,17,2,39.07809395269243,OK,530.01,623.33,291.93,1939422438.0
1278,2,1,1,2,1,59.543253574218355,OK,525.76,607.42,309.04,1660827082.0
1279,1,1,1,9,1,54.72549418743793,OK,524.47,655.04,311.71,1644657180.0
1280,0,2,2,14,2,29.246557031667276,OK,630.18,641.87,293.16,1393749918.0
1281,2,1,2,13,2,30.50169535580919,OK,534.32,655.36,291.78,1938261318.0
1282,1,1,1,7,1,56.34144054833443,OK,527.1,649.12,308.11,1644716130.0
1283,2,1,2,11,2,97.32527206214873,OK,528.34,623.52,320.56,2543599420.0
1284,2,2,2,25,2,92.74278524630331,OK,652.81,629.07,369.19,1880541662.0
1285,0,1,2,21,2,34.398952273930306,OK,552.62,627.49,279.9,1939466726.0
1286,0,2,2,14,2,65.30170308346618,OK,625.71,650.96,313.83,1498646726.0
1287,2,2,2,25,2,34.090861597385484,OK,646.27,655.88,308.48,1394797590.0
1288,0,2,2,8,2,47.3696069365831,OK,657.44,644.54,286.47,1418242608.0
1289,1,1,2,0,2,42.47584508518919,OK,515.7,633.26,288.37,1961430122.0
1290,1,2,1,21,1,61.42659623550222,OK,656.49,650.88,357.63,1262616752.0
1291,1,2,2,25,2,78.77681885759876,OK,651.61,658.21,332.49,1578633824.0
1292,2,2,1,26,1,61.151990182103646,OK,624.94,642.38,363.25,1253742162.0
1293,1,2,2,6,2,82.17528067884787,OK,647.84,653.82,353.95,1689444946.0
1294,3,2,2,24,2,93.9754875457088,OK,636.6,649.6,367.73,1870705982.0
1295,2,1,1,19,1,53.212258090559025,OK,541.14,678.64,322.58,1646037810.0
1296,2,7,1,13,1,51.23305791292344,TIMING,2442.45,675.53,inf,inf
